movie_title,word_count,lexical_diversity,sentiment,subjectivity,avg_sentence_length
10 Cloverfield Lane_1179933,16490,0.23286840509399637,0.004150930586337281,0.434264863260079,7.943187289359654
10 Things I Hate About You_0147800,16657,0.2825838986612235,0.07831930850952594,0.4834550589864594,8.4447261663286
101 Days of 101 Dalmatians_0249328,20014,0.2818527031078245,-0.0038473591854273764,0.4581598136711774,7.232046192710213
12 Angry Men_0118528,21546,0.19530307249605494,0.04959387976549866,0.5299562641365912,7.563004563004563
12 Monkeys_0114746,27557,0.27796929999637116,0.01651035275530869,0.48141700049535807,8.22633744855967
12 Years a Slave_2024544,27101,0.2531271908785654,0.08702771684952029,0.47994754566891984,8.887798495256789
127 Hours_1542344,16246,0.2972423981287702,0.056339797049851696,0.4537886623974105,10.237106918238993
13 13 13_2991516,17693,0.18770135081670716,-0.06370721245854233,0.46962442994357917,7.4379991593106345
1408_0450385,18427,0.3760243121506485,0.022094424068108288,0.5288903845482794,6.189505347593583
1492 Conquest of Paradise_0103594,20283,0.28166444805995167,0.0648609797469517,0.5072400266763004,7.847523219814241
15 Minutes_0179626,23241,0.2425455014844456,0.07273543181255485,0.4473549183341209,6.742345465049104
16 Blocks_0450232,23352,0.283187735525865,0.005067254079662159,0.39554464367332043,7.501767920282867
17 Again_0974661,16151,0.2983097021856232,0.04307131279866763,0.4682606230898162,6.352643856920684
1917_8579674,21334,0.2517108840348739,-0.016094758443987053,0.4057444359442961,7.3522727272727275
1976 l lection du Parti qu b cois_11327984,24320,0.2784950657894737,0.021115216982563915,0.4302368379919402,9.756255044390638
2 Broke Girls_1845307,14945,0.2724657075945132,-0.020559007609527676,0.5009515018578916,5.346909090909091
2 Guns a Grenade a Pizza Guy_1871996,20257,0.2788171989929407,0.03236869865630927,0.44516213039664376,6.904211956521739
2010 The Odyssey Continues_0235153,23194,0.2890402690350953,0.034877945201519905,0.4424259933697531,6.156026557711951
2012_1190080,22470,0.26097018246550957,0.031748602126722356,0.46402864115897635,7.616508152173913
20th Century Women_4385888,14795,0.280094626563028,0.03798334170151706,0.513243747451668,7.448068238835925
21 Grams_0315733,25443,0.26565263530244076,-0.025099224853646438,0.42047988605827996,7.949781659388647
21 Jump Street_1232829,19334,0.2690596875969794,0.05839579880323834,0.48173294332152383,7.779163314561544
22 July_7280898,20019,0.27224137069783705,0.08329015971402333,0.4111312414857872,6.04009647271631
25th Hour_0307901,22572,0.27161970583023215,0.028703720247266116,0.4569730299940254,7.4960026648900735
28 Days Later_0289043,17899,0.27018269177049,0.01253388465356548,0.4437600177600182,7.476627712854758
28 Days_0191754,25312,0.26129898862199746,0.02457149298036332,0.48191211566211567,7.2838188635708105
28 Weeks Later_0463854,15183,0.3158796021866561,0.0022168917227546117,0.4136852948567494,9.300798035604666
3 10 to Yuma_0381849,21680,0.265590405904059,0.0014814544654410896,0.41701353193226953,7.671112671112671
3 Godfathers_0040064,25638,0.24245260940791014,0.0573979992152261,0.46407526025173024,9.385792349726776
3 Idiots_1187043,68974,0.22156174790500768,0.10618154978040581,0.44676880067402874,9.912268085718395
30 Days of Night_0389722,21984,0.2708333333333333,-0.0034738028141002553,0.4843938799622487,18.40687919463087
30 Minutes or Less_1622547,21755,0.2467938404964376,-0.0022542059067698016,0.5126723903008313,7.260451227604512
30 Rock_0496424,5355,0.39514472455648925,0.15176805926176729,0.46996129771297546,7.098944591029023
3000_4759852,25435,0.2064084922351091,0.09162555698269985,0.4789678329460076,6.880681818181818
300_0416449,22320,0.25192652329749105,0.05272697971320022,0.499994726620711,9.507456327226246
40 Year Old Virgin_0887155,16493,0.24070817922755108,0.07873735801287836,0.513617807951329,6.397058823529412
42_0453562,24564,0.25028496987461324,0.0778633845410161,0.40409385738333115,7.710699717602761
47 Ronin_1335975,27978,0.27675316319965687,0.048275426011019626,0.5012759106866562,10.372968980797637
48 Hrs_0083511,19207,0.24506690269172698,0.05697094873495415,0.4431882412979978,6.792920353982301
50 50_4487264,18649,0.2703630221459596,0.05105494907668822,0.5039402513750338,7.051938276251412
500 Days of Summer_1022603,15607,0.2821810725956302,0.08735679465085947,0.5097453656122718,5.855973204317082
8MM_0134273,28342,0.24977065838684637,0.03745399762858902,0.4284638293850776,8.346153846153847
9 millimeter_0118542,28342,0.24977065838684637,0.03745399762858902,0.4284638293850776,8.346153846153847
9 to 5_0080319,20233,0.3148322048139179,-0.00011801228988729048,0.44845202020201974,8.43189368770764
99 Homes_2891174,16237,0.26470407094906695,0.06837548354423356,0.45505234876234846,6.842459983150801
A Beautiful Day in the Neighborhood IMDb_2901014,13456,0.2723692033293698,0.11412665872230422,0.5140093222830385,6.699154649428145
A Beautiful Mind_0268978,20882,0.2783258308591131,0.09081003988898727,0.4629064048800897,6.904290429042904
A Bucket of Blood_0112594,2756,0.363933236574746,0.030656805739271025,0.4801677934548309,11.520661157024794
A Child Is Born The Scottish Doctor_0899329,15885,0.23103556814604972,0.11320388987834863,0.4411978710994461,7.181407942238267
A Christmas Carol_0044008,19735,0.27276412465163413,0.08756837370393278,0.48285207161183674,10.814144736842104
A Christmas Story_0085334,21663,0.30799058302174215,-0.0015137023613340651,0.4880658389562015,8.547281323877069
A Clockwork Orange_0066921,14036,0.286406383585067,0.056962230922025264,0.47717784112906025,7.729074889867841
A Coriolanus rny k ban_2245685,20100,0.29965174129353234,0.0672562904148901,0.5401690861352512,9.76930548810102
A Dangerous Method_1571222,15250,0.29278688524590163,0.07019709507971707,0.4667515621235132,9.648546144121365
A Death in the Gunj_5918074,19798,0.27129002929588847,0.03538470589417509,0.42074808745046843,7.083988563259471
A Dry White Season_0097243,30993,0.22763204594585873,0.0067946969696969645,0.4573380317460317,7.956688877498719
A Fantastic Woman_5639354,9308,0.324881822088526,0.0581631675865496,0.49364857787446564,6.477746870653686
A Few Good Men_0104257,25064,0.21353335461219278,0.022080545438390213,0.4513255003924649,8.23951507208388
A Few Good Men_0849162,6682,0.30125710865010474,0.002735405249856122,0.3918187448389762,9.37290502793296
A Fish Called Wanda_0095159,21331,0.30926820120950727,0.07444175463831389,0.49572832604747485,5.1216150870406185
A Good Year_0401445,20327,0.36207999212869585,0.09375736733289672,0.4627411036862755,7.4972637723458595
A Goofy Movie_0113198,18620,0.30832438238453275,0.1396098735377734,0.5487125948439505,8.814292430653502
A Hard Day s Night_0058182,17652,0.27175390890550644,0.029739759639702757,0.47410456976845433,8.527334300919206
A Hard Days Night_0581729,4515,0.38250276854928017,0.021786853082984052,0.4733150667674477,9.068
A History of Violence_0399146,20032,0.22983226837060702,0.03209487520690353,0.47489723030289077,7.007692307692308
A Message for Peace Making Hotel Rwanda_0476811,20512,0.24965873634945399,0.048092682516938226,0.43743572199351505,7.279787234042553
A Mighty Heart_0829459,15007,0.28053574998334113,0.05884569413429711,0.419824716337584,7.575025176233636
A Monster Calls_3416532,22880,0.25795454545454544,0.03296987544752273,0.48185340683938144,7.455336988068365
A Most Violent Year_5169360,24884,0.173967207844398,0.05890531065549287,0.46373139979553996,8.44523567310953
A Night at the Roxbury_0120770,6237,0.32259098925765595,0.03427980653260506,0.41431469856843034,7.082766439909297
A Nightmare on Elm Street 2 Freddy s Revenge_0089686,14119,0.2816771726042921,-0.032387870937713954,0.43119382623307306,12.221261884183232
A Nightmare on Elm Street 3 Dream Warriors_0093629,11093,0.337059406833138,-0.04138190492905401,0.46607053237535706,9.756140350877192
A Nightmare on Elm Street 3 Freddy s rache_12734734,22331,0.2740137029241861,0.0029385776130567694,0.48733296608296556,8.140471869328493
A Nightmare on Elm Street 4 The Dream Master_0095742,16279,0.2873026598685423,-0.023908621526793985,0.45760443220743613,8.588730911005792
A Nightmare on Elm Street 5 The Dream Child_0097981,20905,0.26998325759387704,-0.004917035497540253,0.4770664398569706,7.612938200216841
A Nightmare on Elm Street_0087800,23266,0.275552308089057,-0.007116979686979683,0.46602006623006614,8.562545989698307
A Perfect Getaway_0971209,18256,0.32750876424189307,0.10855682035455402,0.4751321541706154,7.309335443037975
A Perfect World_0107808,26658,0.25170680471153123,0.018709454776618145,0.3678742480394466,8.374019454032005
A Prayer Before Dawn_4080956,18015,0.3386067166250347,-0.061650322587822666,0.4787657625157626,7.743329097839898
A Quiet Place_6644200,15812,0.26201619023526435,0.02889181685930842,0.41186068762155686,7.704046806435885
A Scanner Darkly_0405296,25906,0.244962556936617,-0.014361471336740022,0.4775132917330371,8.293499043977056
A Separation_1832382,22911,0.1720570904805552,-0.014725008291972588,0.42545025345025334,7.358381502890174
A Serious Man_1019452,20179,0.28931066950790424,0.030069263643872007,0.42821965729326156,7.043203371970495
A Simple Favor_7040874,31265,0.2613145690068767,0.08285198024390739,0.5098330105840934,7.489545782263879
A Simple Plan_0120324,25909,0.2406113705662125,-0.02302609885374388,0.44871543179990264,9.564462504617659
A Single Man_1315981,16302,0.2355539197644461,0.07008352029025114,0.45165099145868376,8.709711846318037
A Snack to Remember_5293758,16845,0.2861383199762541,0.07330855907012108,0.4614364238401155,5.867013888888889
A Star Is Born_0075265,22016,0.22747093023255813,0.088447645383241,0.5131445266798458,7.529471890971039
ATM_1603257,18250,0.25726027397260276,-0.015371735244068907,0.4496234718776859,6.496107572540693
Aaranya Kaandam_1496729,14340,0.38563458856345884,-0.02472503244083221,0.4923411027568927,7.908593322386426
Abhishek Bachchan Rishi Kapoor and Supriya Pathak_6321142,21230,0.30400376825247294,0.06014080110292733,0.4947907942514113,6.892207792207792
About Alex_2667918,14754,0.29137860919072794,0.06671387560664857,0.5208409458914852,5.873508353221957
About Schmidt_0257360,23739,0.2630270862294115,0.09896676325641282,0.47579261738582534,8.818722139673106
About Time_2194499,14305,0.2850052429220552,0.12529611736365573,0.5463117131855133,6.1648730090400345
Above the Law_0094602,23680,0.28099662162162165,0.003973293083975893,0.42727484621757805,8.585171790235082
Absolute Power_0118548,21705,0.22990094448283804,0.06619301099288619,0.4831865333336655,9.565888056412517
Ace Ventura Pet Detective_0109040,14374,0.31800473076387925,0.07357830188519099,0.48293483327913156,7.727321524422973
Ad Astra_2935510,21584,0.3372405485544848,0.06503456573808152,0.4966063932595185,8.621965777954635
Adaptation_2980718,23817,0.2527606331611874,0.13741680704915996,0.5293045321488653,7.296318831761485
Affliction_0118564,14300,0.29713286713286713,0.009326303613536598,0.47625786441055423,6.743408662900189
After Earth_1815862,24539,0.2849749378540283,0.04537689798382318,0.40853979667538975,7.98148749594024
After Hours Revisits Rock Stars Lamb Entrees and Late Night_5070224,16935,0.2198996161795099,0.08505261656122327,0.4586833912974987,7.80192131747484
After Life_0838247,19194,0.23147858705845575,-0.02671358100090319,0.4755371074983654,5.120735607675906
After School Special_0371514,19483,0.2482163937791921,0.08747968304938471,0.489812637446382,6.515989340439707
After the Wedding_7985692,20957,0.22698859569594884,0.07892842631739473,0.4573073849900503,6.030486051193558
Agnes of God_0088683,11825,0.2594503171247357,0.0474616495753791,0.4888146630236792,6.575959933222037
Air Force One_0118571,22988,0.2793196450321907,0.04163576982062079,0.42270771571007,6.95889996977939
Airforce One 2 Revenge of President Dracula_1843432,22988,0.2793196450321907,0.04163576982062079,0.42270771571007,6.95889996977939
Airplane II The Sequel_0083530,19080,0.28238993710691823,0.046806535818484325,0.47328541465796453,7.306052531404644
Airplane_0080339,17009,0.2740901875477688,0.05532024663965931,0.4245206687482738,6.44300518134715
Al Wazeer Jay_6543896,24263,0.24403412603552735,0.0886312209066316,0.44067629267834607,13.612885154061624
Alfie_0375173,22531,0.318893968310328,0.07332561414436621,0.4855794738623343,8.606569900687548
Alfred Hitchcock and the Making of Psycho_1362861,20340,0.2983284169124877,0.07688800412888001,0.4858293097818639,9.179037336932074
Ali_0248667,28059,0.2935956377632845,0.0382672029949218,0.4136691357531362,7.069651741293533
Alice in Wonderland_1014759,15244,0.2882445552348465,0.0011477344682106364,0.43962527308197763,6.9320036264732545
Alien Covenant_2316204,20273,0.33507620973708874,0.0411857821772521,0.5017030870523753,7.398752751283933
Alien Engineering Part 1_1713914,23296,0.3012534340659341,0.00959117385160759,0.4722671677295241,6.984730538922156
Alien Nation_0094631,23698,0.2560131656679889,0.00347649671160094,0.4687237371562489,9.001517450682853
Alien Resurrection_0118583,19590,0.272996426748341,-0.024600137512995713,0.47240798397913053,8.451640759930916
Alien vs Predator_9824546,23197,0.29982325300685436,0.0013657244757723252,0.47801288557269417,8.531969309462916
Alien_0078748,18481,0.2710351171473405,0.027775024316394784,0.44382533285792625,8.711928335690711
Alien_0103644,20307,0.2572511941694982,-0.047311574342601484,0.4417654155956582,8.376131687242799
Aliens vs Predator_7039058,23197,0.29982325300685436,0.0013657244757723252,0.47801288557269417,8.531969309462916
Aliens_0090605,25966,0.295925440961257,-0.004671100709703656,0.45710968284497716,7.298940323480201
All About Eve_0042192,27673,0.23011599754273118,0.10542583398111521,0.4795108956393153,7.994510257151112
All About Steve_0881891,20516,0.2660362643790212,0.07237682319828945,0.45675167425167434,8.265191146881287
All God s Children Can Dance_0847214,18008,0.24411372723234118,0.025317136042269553,0.4804755150649674,7.544351464435146
All Is Lost_2017038,8658,0.22765072765072766,0.007973191623191623,0.4264730454730454,13.07843137254902
All Is True_9206798,17656,0.2601381966470322,0.11293293757097658,0.5156194611312422,6.988528481012659
All That Jazz_0078754,23535,0.32492033142128746,0.06162848993764176,0.45755592444314275,7.5329113924050635
All You Need Is Love_1725862,22808,0.28976674850929496,-0.003997868433439023,0.4517711981375949,8.493859322664681
All the King s Men_0041113,17290,0.23013302486986698,0.09492456430280793,0.491650036261343,6.857652656621728
All the Money in the World_5294550,23832,0.25763679086941926,0.06656631665744105,0.4601201845930015,8.04284750337382
Almost Famous_0181875,33971,0.24329575225927996,0.1392179953068175,0.4685236073606636,7.570317707176183
Alone in the Dark_0369226,21765,0.22641856191132553,0.006392655895004152,0.4228463179402491,8.71537229783827
Altered Carbon Episode 1 Spoiler Free Review Out of the Past_13255492,14064,0.33646188850967007,0.01624085414743958,0.46688413540906537,10.504464285714286
Altered States_0080360,31672,0.2481687294771407,0.05144393375387969,0.4427464290135991,13.117087298303682
Am I Blue Part 2_0826905,9687,0.313512955507381,-0.015269244117856283,0.4450232791307655,6.556385869565218
Amadeus_0086879,32428,0.2235722215369434,0.10773782291287781,0.47748289665645016,7.25867084358917
Amelia_1129445,23181,0.2925240498684267,0.1154973912591936,0.47140285322688774,6.635895970277222
American Animals_6212478,29830,0.2263493127723768,0.06824334501803639,0.498671134535332,13.52445652173913
American Beauty_0169547,17920,0.26662946428571427,0.06377466201126912,0.49704943847801003,8.13049388309923
American Bully_1169133,32736,0.24657869012707723,0.03609880736397726,0.509293693990296,12.321549454682211
American Gangster_0765429,26587,0.23684507466054838,0.046984948384948384,0.4348822681591913,10.002635542168674
American Gods 1x1 REACTION The Bone Orchard_11563674,12970,0.3573631457208944,0.07543319701847909,0.5011456154269083,6.707581227436823
American History X_0120586,18053,0.2667700659170221,-0.032266360781451425,0.4351664139933638,6.708702064896755
American Horror Story_1844624,10681,0.3311487688418687,0.01909375727376368,0.5122083744628381,6.901417525773196
American Hustle_1800241,25222,0.2096978828007295,0.08008708074426475,0.5618235260521206,8.144927536231885
American Madness_0022626,22219,0.21513119402313335,0.10687718465517317,0.49134894097272663,6.668602873738918
American Milkshake_2254364,9015,0.3455352190793123,-0.010825042038765489,0.40541779582750764,8.7256038647343
American Outlaws_0244000,19212,0.26499063085571517,0.05717327379436757,0.4587291608124942,8.095117845117844
American Psycho_0144084,18742,0.2983139472841746,0.05304520293417462,0.5199061773629583,7.171157495256167
American Shaolin_0101327,23442,0.21350567357733982,0.06211180697183004,0.42415721383924215,9.244227005870842
American Splendor_0305206,17031,0.29499148611355763,0.051721111834278216,0.4770715375310959,8.054716981132076
American Ultra_3316948,19044,0.3003570678428901,-0.013749244469474516,0.5182464570296602,10.317862924986509
American Werewolf in London_1789110,14553,0.2829657115371401,0.014840782249209506,0.5023021688390541,6.60643115942029
Amour_1602620,12549,0.2614550960235875,0.04411187103531366,0.468248866518097,7.073927765237021
An Act of Murder_0040072,5698,0.343980343980344,0.06284996253746254,0.44086154457682264,10.074204946996467
An Adventure in Space and Time_2663812,16968,0.28282649693540785,0.05420629713348038,0.47890959377560194,6.440697233800682
An Affair to Remember_0050105,17212,0.2656286311875436,0.09285478011046193,0.47499460219914796,8.225513616817965
An American Tragedy_0021607,30626,0.2272905374518383,0.08612645709325392,0.49219677804834056,13.962629446195407
An American Werewolf in London_0082010,14547,0.282807451708256,0.014840782249209506,0.5023021688390541,6.603713768115942
An American Werewolf in Paris_0118604,23910,0.27026348808030115,-0.01358284549019413,0.4547926592360186,7.696911196911197
An Education_1174732,19625,0.23628025477707007,0.13423576681833985,0.4855315827724583,6.897794889744487
An Officer and a Gentleman_0084434,22632,0.2569370802403676,0.039152906381749,0.4778039879031068,8.999603174603175
An Unconventional Love Story The Making of Last Chance Harvey_2043778,13431,0.25634725634725636,0.039542768040972544,0.5016558145456919,5.777777777777778
Anaconda_0118615,23244,0.27723283427981416,0.0625929843643258,0.47714263017921554,7.74966577540107
Analyze That_0289848,18887,0.26139672790808494,0.061029843287981334,0.5119855934960097,7.3059413580246915
Analyze This_0122933,19470,0.24031843862352337,0.07397264887378269,0.5120248413500632,7.123813002191381
Anastasia_0118617,14624,0.28036105032822756,0.03624897766116566,0.5113754373627692,9.571523619427811
Anatomy of a Murder_0052561,37540,0.2075386254661694,0.05526177835542385,0.4599218047838452,12.13540654356981
And Away We Go_1003594,20519,0.26711828061796383,0.12438725133992987,0.5253537105751391,7.042553191489362
Angel Eyes_0225071,25417,0.20073179368139435,0.06300137151193294,0.45045778295778255,7.441976030400467
Angels with Dirty Faces_0029870,27618,0.35853428923166053,0.07011939066386924,0.47426965388621783,14.643574828133262
Animal Among Us_3612008,17315,0.3648281836557898,0.04396284528595516,0.47004619766032024,10.681846153846154
Animal Kingdom_1313092,20840,0.23570057581573897,-0.039240287944597,0.448189102221228,6.672535211267606
Anna Karenina_1781769,24577,0.24539203320177402,0.06027744798733608,0.4665204348926366,8.062266076896904
Annabelle_3322940,18360,0.2811546840958606,0.07171170180206889,0.5064281744305661,7.689256198347107
Annie Hall_0075686,23897,0.23718458383897562,0.07784312084260647,0.5082954828174261,7.856095936042638
Annihilation_2798920,21367,0.2673749239481443,0.03109920943254276,0.4079289746073786,6.640746500777605
Anomalisa_2401878,9649,0.2873872940201057,0.13163763533475084,0.5949464467156774,4.811227024341778
Anonymous_1521197,24070,0.26235978396343995,0.10326822122400972,0.48535483077528446,8.149864682002706
Antitrust_0218817,22287,0.2958226768968457,0.06801615553825159,0.480089971756638,7.8384723195515065
Antz_0120587,16983,0.2965318259435907,0.022848319810438306,0.525061098677378,8.814454126089185
Any Given Sunday_0146838,44808,0.2377030887341546,0.03182650036856335,0.43996356850323975,8.033273703041145
Apache Drums_0043291,17535,0.21083547191331622,0.04394835928609836,0.4730776461008024,10.94920440636475
Apocalypse Now_0078788,26532,0.23839137645107794,0.044417022549331414,0.4614867834148199,9.246784845324992
April Fool s Day_0090655,17344,0.28989852398523985,0.04636951501662136,0.4697262641920458,7.428999144568007
Apt Pupil_0118636,2947,0.4336613505259586,0.03635717158947247,0.4256847073771853,7.591259640102828
Aquaman_1477834,19322,0.3005382465583273,0.02205104339482838,0.43975546818491884,7.67938021454112
Arbitrage_1764183,15816,0.2893272635306019,0.04929011111404404,0.46976462652072404,6.477190149374243
Arctic Blue_0106303,23969,0.2607951937919813,0.002660484690982287,0.4366349131517671,9.397727272727273
Are We Done Yet_0422774,10300,0.30718446601941746,0.08035638194562915,0.4910922502055504,6.5948717948717945
Argo_1024648,19216,0.2950666111573689,0.034250563322974714,0.467954786196391,7.966157655798597
Armageddon_0120591,23771,0.3014597618947457,0.06122635764586678,0.4865400138777844,6.248604769152714
Armstrong_4451006,29968,0.28293513080619326,0.03253178952906973,0.4446025516190271,7.250543084721216
Army of Darkness_0106308,9166,0.3161684486144447,-0.0680684034265845,0.44779537369238365,8.04820333041192
Arrival_2543164,22197,0.2805334054151462,0.04309280303030302,0.4070088847660276,8.226533628972653
Arthur_1334512,19111,0.32201350007848883,0.04754510754669582,0.5371170087148484,6.763380281690141
As Above So Below_2870612,16114,0.2808117165197965,0.055376533460838456,0.48366381545486026,6.800084175084175
As Good as It Gets_0119822,19364,0.2525821111340632,0.05035033302341648,0.4984916095095946,7.464381979206777
Asesinos por naturaleza_0309302,24097,0.25189857658629705,0.04019148677254616,0.45605964349543854,8.760202239075479
Assassination Nation_6205872,26903,0.26443147604356393,0.0032090416705801354,0.5062384473709257,7.903197418597829
Assassins_0112401,21322,0.23196698245943156,-0.0019397924136080238,0.42955005073654806,7.987649700598802
At First Sight_0132512,25114,0.20315361949510233,0.06857618618063825,0.4691563455570307,9.981717011128776
Atomic Blonde_2406566,20383,0.2502575675808272,0.030264522394001254,0.4037365028203793,8.568668626627467
Atonement_0783233,17487,0.30205295362269113,0.021630655687711442,0.44974782863284657,7.473415567843471
Au pan coup_0290137,15792,0.32890070921985815,0.02630506679485045,0.44797625451471557,5.233420879842416
Austin Powers International Man of Mystery_0118655,16660,0.3237094837935174,0.02458712331729574,0.5240561365837232,7.35767707875055
Austin Powers The Spy Who Shagged Me_0145660,15110,0.3332892124420913,0.0025666867160112268,0.5326407031428865,7.346601941747573
Authors Anonymous_2114461,18392,0.2773488473249239,0.1486753870653699,0.48810079266243667,5.714020427112349
Autumn in New York_0174480,21944,0.27123587313160774,0.0865440446606298,0.49300389363118813,8.418773946360153
Avatar_0499549,33127,0.25879192199716244,0.020169425676998545,0.45532024766303864,10.080012169151201
Avengers Endgame_4154796,20450,0.33007334963325186,0.07684974019282526,0.48141653382078936,6.122268163024217
Awake_0211933,11531,0.290434480964357,0.060051065412348274,0.4524688093119317,7.721552878179384
Awakenings_0099077,17298,0.29292403746097817,0.007545505729798118,0.4209605100273842,9.366096079514081
Babel_0449467,23475,0.21026624068157615,-0.0009174264363795227,0.4429839775146635,7.9607179139857775
Baby Driver_3890160,26273,0.25463403494081377,0.023895775644936727,0.42284565322820405,7.385089686098655
Back to the Future Part II_0096874,23779,0.29122334833256236,0.043121138706581776,0.4150307489627107,8.477998580553583
Back to the Future_0088763,26766,0.2222595830531271,0.061051774585236376,0.41756338410448013,9.946978123841305
Back to the Planet of the Apes_0071184,22200,0.27346846846846845,0.05332448870067899,0.5046353160615717,7.6514423076923075
Backdraft_0101393,24816,0.2584622823984526,0.01866101153198782,0.4979282318750244,8.21031746031746
Bad Boys for Life_1502397,21251,0.2702461060655969,0.016557826643053924,0.46636509459155595,8.010161836657884
Bad Country_2350892,19600,0.33964285714285714,-0.01305931847952479,0.4537364280810883,6.45242782152231
Bad Day at Black Rock_0047849,19713,0.271495967128291,-0.021832226387911456,0.5050885763367818,8.145207733443028
Bad Dreams_0094701,20698,0.29104261281283217,0.051240697542780884,0.49896908896908865,6.983485001685204
Bad Lieutenant_0103759,4613,0.37285931064383265,-0.00543276275156531,0.47199157440754114,7.186915887850467
Bad Moon_0115610,20552,0.26664071623199687,0.054833199601360426,0.4657082806425927,7.86694624475791
Bad Santa_0307987,14190,0.3273431994362227,-0.005524483702031068,0.4692049168325769,7.780821917808219
Bad Teacher_1284575,18420,0.2774158523344191,0.11034548080595886,0.5000730417458359,6.918474195961107
Bad Times at the El Royale_6628394,25343,0.23237185810677505,0.03203206015450919,0.5129251209863456,6.172740524781341
Bad Words_2170299,15277,0.30568828958565164,0.03761755960639888,0.5052004975372318,6.5016891891891895
Badlands_0069762,12657,0.27154934028600775,0.05657949909050264,0.4249983994878361,7.721655668866227
Balls Out Gary the Tennis Coach_0787470,18899,0.30514842055135194,-0.0012720450635880125,0.5090932264032265,6.956824002927187
Bamboozled_0215545,20175,0.26879801734820324,0.09575423413794099,0.4713800170647086,7.436557557925708
Barbershop_0303714,20905,0.46012915570437696,0.01276203994103654,0.4452976476786004,8.14986160537762
Bareilly Ki Barfi_6967980,20050,0.2575062344139651,0.026173155516735668,0.4076642296411321,6.978782608695652
Barely Legal_0302297,20000,0.2753,0.08308390370890374,0.5228592878592875,6.502764227642277
Barney s Version_1423894,22167,0.26552984165651644,0.07693750483523207,0.45267608118847796,7.74231843575419
Barry Lyndon_0072684,30356,0.22387666359204111,0.16384913406747323,0.48503124021153243,14.203928905519177
Barry_5477566,6517,0.3638177075341415,0.06455975379749362,0.49576653682730426,7.434240362811791
Barton Fink_0101410,19979,0.2645778066970319,0.07293021310718129,0.44932208215357355,7.832354093223659
Basaan_3386408,18297,0.3179756244193037,-0.012179274813325633,0.452618238720043,6.643085673658017
Basic Insect_7093682,19968,0.24674479166666666,-0.006546733734306304,0.46160307745746115,8.334165626300457
Basic Instinct_0103772,18132,0.206982131039047,0.018967577905554967,0.43861511516473317,6.777902202314296
Basquiat_0115632,17239,0.27954057659957077,0.06968744420931468,0.4619602968837665,7.0390402602684015
Batman Begins_0372784,25125,0.3180497512437811,-0.02623525816677412,0.47570283819524006,7.580596565230491
Batman Forever_0112462,20793,0.3206367527533304,0.05420804746041319,0.47033598834655216,6.644657097288676
Batman Mask of the Phantasm_0106364,22608,0.2768046709129512,0.03709994202758466,0.48228225493745636,8.982220466218886
Batman Returns_0103776,34412,0.2733348831802859,0.020309123590373603,0.44386822355572386,10.974904701397714
Batman Robin_0118688,20315,0.30790056608417427,0.05124267097929982,0.514319210862971,7.833269156719291
Batman Year One_1672723,22537,0.2889470648267294,0.0011929839866470482,0.4749583239189113,8.678722585609849
Batman v Superman Dawn of Justice_2975590,27479,0.25514028894792384,0.012354461102622871,0.44963896316102236,7.77520474442248
Batman_0096895,30152,0.29019633855133986,0.05451465245373475,0.48618517031491715,8.82438739789965
Bats_0200469,15901,0.25803408590654675,0.047831801920891454,0.4758645150229308,8.265422498703991
Battle Los Angeles_1217613,18322,0.3073354437288506,-0.004380805103461354,0.4614074232645662,6.9556818181818185
Battle for the Planet of the Apes_0069768,5906,0.44649508973924823,0.03275505404181873,0.4376537236667957,13.460136674259681
Battle of the Sexes_4622512,20773,0.26154142396379915,0.161472190180077,0.49308777448517105,6.920186232125041
Battlefield Earth_0185183,23785,0.26697498423376076,0.017832453965787295,0.48836716205605135,11.894394394394395
Battlestar Galactica_0407362,24809,0.24741021403522914,0.02704647638919937,0.4974868063600457,9.515140045420136
Baywatch_5797522,24336,0.27625739644970415,0.06966150238348406,0.4995697490075003,8.605086541858
Beach Theme Railroad Apartment_7239184,4891,0.3702719280310775,0.06778462373378426,0.451283966172026,7.980424143556281
Beaches_0094715,25355,0.2554920134095839,0.053157358685375924,0.5372327870542156,10.24979854955681
Bean_0118689,22950,0.260479302832244,0.08132341989723521,0.48736527209795677,8.600225648740128
Beasts of No Nation_1365050,16898,0.28186767664812407,-0.0030794309306214074,0.3819016525802241,11.394204851752022
Beasts of the Southern Wild_2125435,14633,0.3061573156563931,0.04470938451016582,0.4699663262663259,9.444229529335912
Beautiful Girls_0115639,20635,0.28727889508117277,0.06938179522380915,0.49914879359323827,6.657040882543803
Beauty and the Beast_2771200,19580,0.2877425944841675,0.14127491775651066,0.5471500237488607,8.448944420508402
Beavis and Butt Head Do America_0115641,14792,0.29664683612763654,0.06717163926813535,0.45240313246047176,5.9585326953748
Beck 1000 BPM_8212568,27923,0.20796476023349927,0.016656946251216456,0.42866521229517346,10.036957301758163
Bedlam_0038343,24154,0.2160304711434959,0.04423642604319025,0.49608051451010354,12.170694864048338
Beetlejuice_0094721,21372,0.2755474452554745,0.029513398075420458,0.48274836153657147,6.84448
Before Midnight_2209418,19359,0.21524872152487215,0.19337254053925182,0.47993496090818416,6.9791216702663785
Before Sunrise_0112471,14572,0.24533351633269285,0.09627733499845703,0.48901984826077205,9.887762001352264
Before Sunset_0381681,12311,0.26074242547315407,0.0699624572837864,0.47105069846727277,9.403053435114504
Before and After_0115645,18995,0.2655435640958147,0.03837426433129559,0.48798867658242645,7.769954973393369
Beginners_1532503,14615,0.27006500171057135,0.12459711520788766,0.4891165486124834,7.52853470437018
Being Human_0106379,35504,0.20456849932401983,0.006924608397442203,0.4891158975178858,7.783410138248848
Being John Malkovich_0120601,17892,0.27744243237200983,0.08444879656938656,0.5185569058003174,6.505270810614322
Being There_0078841,23008,0.23587447844228093,0.08521836688604988,0.4665561480073678,7.9557491289198605
Beloved_0120603,30572,0.21552400889702997,0.11145623474031888,0.5106920940352311,7.551597950719688
Beneath the Planet of the Apes_0065462,19126,0.3388580989229321,0.01260202905398157,0.48546680561228817,8.193042002545608
Beowulf Grendel_0402057,23520,0.2564625850340136,0.02023916138892552,0.47442032286371894,8.496397694524497
Beowulf_0442933,23520,0.2564625850340136,0.02023916138892552,0.47442032286371894,8.496397694524497
Between Love and Friendship_5445434,14454,0.302130898021309,0.16208505645364638,0.5719707532610757,8.702280912364946
Beverly Hills Cop_0086960,20753,0.26878041728906665,0.024535799667069258,0.4886631485024903,9.488340192043896
Beverly Hills Cops_11322610,22198,0.23952608343093973,0.0321986741282153,0.4576688315953443,8.46745336886182
Big Eyes_1126590,20274,0.34157048436421034,0.09553285365655666,0.5287957329129201,5.648806218767351
Big Fish_0319061,23633,0.25405153810349934,0.06913098039102067,0.477483483718423,8.290469516468114
Big Trouble in Little China_0090728,15733,0.323396682133096,0.04392507614165505,0.4417972441744763,5.655848787446505
Big Trouble in Little China_6199850,15733,0.323396682133096,0.04392507614165505,0.4417972441744763,5.655848787446505
Bill Ted Face the Music_1086064,17397,0.2695292291774444,0.06393269981244613,0.46504374160288003,7.977574370709382
Bill Ted s Bogus Journey_0101452,17981,0.31861409265335633,-0.0875051207782058,0.5229585547073673,8.070372030479605
Bill Ted s Excellent Adventure_0096928,17759,0.2832366687313475,0.06744702695530636,0.4766768005516289,8.765810276679842
Bird Box_2737304,20601,0.2847434590553857,0.030960347756615207,0.39109395442987965,6.7650918635170605
Birdman or The Unexpected Virtue of Ignorance_2562232,19983,0.24120502427063004,0.051078858024691386,0.5516395809951364,6.241602465331279
Birthday Girl_0188453,15488,0.25703770661157027,0.039739653306463674,0.428750220086427,6.842894969108562
BlacKkKlansman_7349662,11258,0.33656066796944395,0.05285563758422375,0.42729490377057106,8.244330651060716
Black Christmas_0454082,20792,0.2774143901500577,-0.040019650978046196,0.435208264989097,7.287156282631396
Black Hawk Down_0265086,22157,0.2746310421085887,0.034758025959810986,0.4390571088771702,7.438002680965147
Black Mirror Review The National Anthem SPOILERS_7938500,12210,0.3361998361998362,0.0051991974295545725,0.4451375307232461,8.570126227208975
Black Mirror Review USS Callister SPOILERS_7818912,14813,0.3207992979139945,-0.0027313194662892024,0.5002998289676494,6.2862547288776796
Black Panther_1825683,22402,0.23288099276850283,0.07601330937531094,0.43937134273772194,8.729853862212943
Black Rain_0096933,19426,0.2604241737877072,0.016460039822078186,0.40846708491949996,7.415267175572519
Black Sails 1x6 REACTION VI_11027128,12940,0.32047913446676973,0.015611778259488755,0.4115356775179519,7.962484624846248
Black Swan_0947798,16200,0.2837654320987654,0.050899932650944744,0.47055482341919563,7.069250871080139
Blade II_0187738,22648,0.2961409395973154,-0.013830099512969882,0.43490632628198783,10.076
Blade Runner_0083658,22055,0.2567218317841759,0.040982442030407115,0.44307405822715845,8.580645161290322
Blade Trinity_0359013,22308,0.3076026537564999,-0.00044343299403670116,0.41552148924308013,10.161657559198543
Blade_0120611,21614,0.29656703988155825,-0.024029287151766957,0.4570487099519357,10.90171370967742
Blast from the Past_0124298,20911,0.26942757400411266,0.1111674946790477,0.47762590329378635,6.295488497161637
Blazing Saddles_0071230,16809,0.3239930989350943,0.045435792227650054,0.4703107252075145,7.134728033472803
Blockers_2531344,16778,0.2806055548933127,0.062481862764694765,0.5256624142524143,6.284056886227545
Blood Diamonds_0743446,22286,0.2993359059499237,0.0012557150685071268,0.38960880068356696,7.458596607914865
Blood Drips Heavily on Newsies Square_0478982,20255,0.2769192791903234,0.0791488802475211,0.47468232572845426,10.688654353562006
Blood Roses and Deadly Diamonds_3908274,14441,0.32996329894051657,0.04189677487971561,0.5177514745092878,6.0292031706299545
Blood Simple_0086979,18115,0.22776704388628208,0.0003975781821310255,0.431746031746031,8.863569682151589
Blood and Wine_0115710,20888,0.2599578705476829,0.04564113858269152,0.4567454862164761,7.6626329299596625
Bloodshot_1634106,22965,0.2890920966688439,0.043998843192882706,0.4426730161035275,8.547344968436688
Bloodwork_0711844,16327,0.25859006553561587,0.02784906839676006,0.42841758174075256,6.381471389645776
Bloody Murder 2 Closing Camp_0303732,1980,0.4535353535353535,-0.0015252086502086468,0.46065210015210006,5.5515320334261835
Blue Ruin_2359024,16535,0.3738736014514666,-0.032836230406176274,0.42073789076947915,8.084919472913617
Blue Valentine_1120985,20074,0.24613928464680682,0.021009867201510563,0.3993603989165447,7.391112743297834
Blue Velvet_0090756,22453,0.20402618803723332,0.06824148825544235,0.47582285416895226,6.545428072218987
Bodies Rest Motion_0106447,13813,0.27083182509230436,0.06118962595113023,0.4606590366922736,6.235505617977528
Body Bags_0106449,30678,0.19460199491492275,-5.4418709310027624e-05,0.4632073240768895,10.646835005188516
Body Double_0086984,11534,0.2902722385989249,0.05831756712013386,0.4885962246934914,5.997410668047643
Body Heat_0082089,27341,0.20694195530521928,0.05173849521205293,0.4640459682767377,7.358324439701174
Body Snatchers_0106452,21680,0.21000922509225092,0.0461498190010438,0.473191679038221,9.951398441082073
Body of Lies_0758774,27192,0.25628861429832306,-0.016488002590239,0.4250040640935218,8.610110584518168
Body of Proof_1587669,19381,0.21784221660389042,0.06576303937153001,0.47118769987873754,7.7383326685281215
Boiler Room_0181984,22155,0.20979462875197472,0.06778889534916605,0.5039333717238178,7.450235373234701
Bones_0460627,25440,0.24316037735849055,0.0019208560175357015,0.46173980930816816,8.643050847457626
Bonnie and Clyde_0061418,24838,0.2609308317899992,0.05385669202075457,0.4671016583516585,7.8638351030605875
Boogie Nights_0118749,25813,0.21059156239104326,0.1035908772089138,0.49510461264243893,7.023879716981132
Book of Shadows Blair Witch 2_0229260,11280,0.3535460992907801,-0.004793425053678964,0.43002330135142647,8.570779712339137
Booksmart_1489887,17193,0.2873844006281626,0.0756525382578372,0.5151275906058519,7.5761298815269855
Born on the Fourth of July_0096969,16287,0.3425431325597102,0.019236265669233244,0.4857935075950349,7.630255941499086
Bottle Rocket_0115734,17775,0.2211533052039381,0.023295780084718744,0.4464666673384258,5.664012738853503
Bound_0115736,17062,0.21855585511663345,0.017570255496344164,0.5077718715002579,7.250426621160409
Boy Erased_7008872,24680,0.2580226904376013,0.07851010040643573,0.43408310007707607,7.42320310169997
Boy Who Never Slept_1781782,10940,0.289945155393053,0.10068091755574439,0.5426060940168475,6.913510101010101
Boyhood_1065073,26040,0.2238863287250384,0.14292492839419857,0.48614453541627434,5.906455266138165
Boyz n the Hood_0101507,23604,0.23114726317573292,0.009701498050175748,0.4350715006071588,7.646243147371815
Brad s Status_5884230,18891,0.24239055634958445,0.10018130997145598,0.4804900517163291,7.358894511483068
Bram Stoker s Dracula_0103874,22125,0.35638418079096046,0.08320981198585363,0.5098382533104756,8.111918604651162
Branagh Theatre Live Romeo and Juliet_5943392,17853,0.2516663866016916,0.053826236408267676,0.5045572899322897,7.306992139015308
Braveheart_0112573,25508,0.2518817625842873,0.025846701087179607,0.44254916958041957,10.04488188976378
Brazil_0088846,22816,0.25262973352033663,-0.01143785270569678,0.46985020063716976,10.993719806763284
Breach_0401997,8310,0.38206979542719616,0.06230497015018676,0.43283805093823147,7.501788908765653
Breakdown_0118771,21069,0.2589586596421282,-0.025541668719012454,0.39768964368964393,7.425158116654955
Breakfast at Tiffany s_0054698,26127,0.322578175833429,0.02879281878675082,0.5323689147960984,8.040450121654501
Breaking Away_0078902,20115,0.24121302510564255,0.06124966712550025,0.435259284712956,6.743538767395626
Breaking Bad 3x11 REACTION Abiquiu_11724326,10431,0.3482887546735692,0.020990701109235652,0.498209553856105,7.11716621253406
Breaking Bad 3x3 REACTION I F T_11713132,12097,0.3531454079523849,-0.0050692153153359945,0.46623017748535006,7.581739666872301
Breaking Bad Crafting a TV Pilot_7470416,12326,0.36621775109524585,0.001115122516171717,0.44417167853853823,6.685745140388769
Breaking Bad_0903747,12833,0.35837294475181175,0.04975993008739241,0.43736435095532256,6.7405857740585775
Breathe_5716464,19592,0.2597488770926909,0.057631127847964474,0.4446626770810451,7.059438040345821
Brick_0393109,19373,0.2508646053786197,0.017123372887795984,0.4489579309579307,7.773547094188377
Bridesmaids_1478338,22085,0.2455512791487435,0.13305988538792102,0.5423882646254604,6.023590021691974
Bridge of Spies_3682448,18670,0.2740224959828602,0.08373337971552257,0.4734885154528017,7.444885011895321
Bridget Jones s Baby_1473832,25713,0.27596935402325673,0.07734924979590671,0.49638907160660434,8.013354037267082
Bright Angel_0101510,19358,0.2620105382787478,0.0561266730234864,0.48097083114154415,7.23355754857997
Bright Birds_6022752,20239,0.32783240278669895,0.08989469407924243,0.4964575005204691,7.947884012539185
Bright Star_0810784,20702,0.26079605835185005,0.06905140840489206,0.4829404584486548,9.396653098145636
Bright_5519340,17980,0.3103448275862069,-0.05414428949435609,0.5074439183941154,5.827932598833441
Brightburn_7752126,17239,0.2986252102790185,-0.015362696550735331,0.466431159836332,7.123502684840974
Brightstar Buzz_7682456,20702,0.26079605835185005,0.06905140840489206,0.4829404584486548,9.396653098145636
Bringing Out the Dead_0163988,16549,0.29234394827482024,0.017508215720195616,0.4429197313128448,7.985514244326413
Bringing Up Baby_0029947,28727,0.21258746127336653,0.05959438252871884,0.5071135591423129,8.601735487731897
Broadcast News_0092699,25734,0.24100411906427294,0.11919333692228941,0.46985191722016817,8.43888166449935
Broken Arrow_0115759,15974,0.2648053086265181,0.030712248709050805,0.437018458302121,7.7967757694186615
Broken Embraces_0913425,33787,0.23506082220972563,0.06927730211667314,0.4812207299070361,9.938050499119202
Brooklyn Nine Nine 1x13 REACTION The Bet_12904524,5906,0.3787673552319675,0.07790211450046122,0.49614764103262887,6.905704307334109
Bropocalypse Now The Redux_2171807,26176,0.23834810513447433,0.054029107909316296,0.4843371216287886,7.704678362573099
Bruce Almighty_0315327,16628,0.3180178012990137,0.12235503352517589,0.5167102476376668,7.910433539780848
Buffy the Vampire Slayer_0118276,21349,0.2561712492388402,0.02683259263633684,0.4673903899677893,6.985705003248863
Bull Durham_0094812,20377,0.28350591352996024,0.059478423727911456,0.4616721472971469,8.260307194826192
Buried_1462758,16690,0.24098262432594367,0.06426468690543394,0.4364706070838886,6.94621431526686
Burlesque_1126591,23117,0.27114244927975084,0.09840983016775676,0.46957891450882117,7.908842608398771
Burn After Reading_0887883,17447,0.2857224737777268,0.026212032111058506,0.49389050973221915,6.479805534779357
Burning Annie_0307879,18290,0.2587752870420995,0.050814691109231355,0.5213796006037384,6.760885608856088
Butch Cassidy and the Sundance Kid_0064115,21898,0.2496575029683076,0.0643883217005535,0.4474929862698099,12.361894024802705
Butter_1349451,18300,0.2632786885245902,0.12387446785097536,0.4803461767220553,7.776555226407109
Bye Bye Bijou_9242596,25991,0.24777807702666307,0.07947815300952239,0.4242913748677106,8.217144658052316
Cabaret_0068327,23515,0.3152455879226026,0.08728952332532007,0.5120887597526943,10.422703180212014
Cabin Fever Family Friendly Version_1010382,20173,0.3346552322411144,0.016188414390284987,0.4851977131632064,6.816863406408094
Cabin in the Woods_11768622,20626,0.28056821487443034,0.06739074044263457,0.48821219477294814,9.763705103969754
Caddyshack_0080487,22847,0.29785092134634744,0.09450212424623324,0.4612818428503257,8.967906066536203
Caf Majestic_0257298,25016,0.2568755996162456,0.0809666310155894,0.427754699210255,8.054878048780488
Call Me by Your Name_5726616,21792,0.27427496328928047,0.062055684004213414,0.40455721499839137,9.290254237288135
Call Northside 777_0040202,13514,0.2948793843421637,0.042024723437655176,0.511899289946165,8.881422924901186
Calvary_2234003,16926,0.2802197802197802,0.0693667477560608,0.4927777930297016,6.869283690813436
Can You Ever Forgive Me_4595882,20423,0.25236253243891693,0.08463226012350535,0.5669503763278081,7.106745479833101
Candle to Water_2387411,17964,0.2700957470496549,-0.005391735528130559,0.48483759257930475,7.915732855221874
Candyman_0103919,16277,0.30386434846716226,-0.02004063333610782,0.4725482152577959,6.9377929271410315
Cape Fear_0055824,23305,0.28804977472645354,0.04368315286596801,0.45831870665771807,12.679173463839042
Capernaum_8267604,15170,0.26855636123928806,-0.018922554790130924,0.43247016521046916,6.0120622568093385
Captain Phillips_1535109,22984,0.2861120779672816,0.05539859038020797,0.44851740897084014,6.452460850111857
Captain Richard Phillips_1631589,22984,0.2861120779672816,0.05539859038020797,0.44851740897084014,6.452460850111857
Car Wash_0074281,21760,0.27068014705882354,0.057189404353490424,0.5026362254713163,6.18756906077348
Carol_2402927,24307,0.25342493931789195,0.07298620315557013,0.4451792309705632,7.002014968336212
Carrie_0074285,17228,0.2850011609008591,0.018013361809500448,0.4542296735337972,8.85897435897436
Cars 2_1216475,21314,0.28554002064370837,0.11875331674852052,0.45294615686704265,6.768377693282636
Casablanca_0034583,20341,0.22029398751290497,0.05939303341860164,0.4613216854694129,7.320632638389648
Case 39_3022534,21266,0.2804946863538042,-0.009967171502055226,0.49697962975869936,7.360899653979239
Casino Royale_0381061,27341,0.31048608317179327,0.026017715489522586,0.4297419981387372,10.312594268476621
Casino_0112641,44652,0.18388873958613275,0.09555791032409518,0.47962759462759397,7.4568291465646315
Cast Away_0162222,24304,0.2521395655036208,0.02357354958474365,0.4694560145492982,7.264995523724261
Cat People_0034587,23177,0.2243603572507227,0.08736449039612146,0.4857875043317117,9.270775347912524
Catch Me If You Can_0264464,25864,0.2336065573770492,0.04759182666499222,0.43292548842890166,10.051570376114773
Catwoman_0327554,24512,0.2956511096605744,0.02049873345821251,0.4932465444187585,11.04862674470959
Cedar Rapids_1477837,21827,0.30201127044486187,0.09492100806049847,0.508688808623323,6.617317590069634
Celeste Jesse Forever_1405365,16789,0.27059384120555124,0.10308923861397531,0.5538474363913473,5.620185922974768
Cell The Web Series_1667667,19782,0.3238802952178748,0.034290821570233304,0.4909600203717843,8.528172043010752
Cellular_0337921,21154,0.30306325044908766,0.017936901564151914,0.4730089795081943,8.489787745294354
Chain Reaction_0115857,22329,0.24797348739307626,0.00504776712003277,0.4578902547105669,8.190615835777127
Challenging Times During Adolescence with Dr Louise Hayes_13493454,17409,0.22746855074961228,0.07893552594531417,0.4973164996464098,7.422241158926289
Changeling_0824747,30096,0.22398325358851676,0.07587542087542097,0.473225579475579,9.047463660634827
Chaos Walking_2076822,18876,0.3084869675778767,0.05602159919102324,0.4731056366473029,6.500517063081696
Chaos_0402910,17024,0.32283834586466165,0.012188625356301523,0.44404690947253,6.628549202644885
Chapter One Genesis_0759572,13409,0.32358863449921693,-0.033375676902462605,0.4703275296132439,8.25290875688916
Chapter Seven Loud Fast and Keep Going_6866356,5510,0.36352087114337567,-0.028744033575237925,0.4705766651569573,7.343501326259947
Charade_0056923,27413,0.2204428555794696,0.025195880655987053,0.46257632635292206,9.136151797603196
Charlie St Cloud T4 Movie Special_1738344,18010,0.29877845641310385,0.08557792997453134,0.48819226387198683,6.5581312410841655
Charlie Wilson s War_0472062,22172,0.2672740393288833,0.11214835768398274,0.48381141414141465,9.70829694323144
Charlie s Angels_0160127,20078,0.2860344655842215,0.051825294607177254,0.4641321099053898,8.080820265379975
Chasing Amy_0118842,22238,0.248223761129598,0.04260234734644184,0.4887916352384859,8.097020348837209
Chasing Sleep_0221069,15203,0.20844570150628167,0.029166771632315257,0.4545637075192973,7.599700897308076
Chernobyl 1x2 REACTION Please Remain Calm_11524920,11593,0.3573708272233244,0.033763072275284044,0.46311793968347403,7.032747119466343
Chernobyl 1x4 REACTION The Happiness of All Mankind_11524932,10976,0.36087827988338195,0.019227085203802514,0.4243881826378525,6.178852643419573
Chernobyl_11966300,10239,0.3534524855942963,0.022360552272377997,0.4571565291171099,6.624191461836999
Cherry Falls_0175526,17021,0.24522648493038013,-0.005394883188845059,0.4533959794129286,7.699909747292419
Cherry_9130508,11844,0.3280141843971631,0.07786269407979944,0.5044794825057982,6.703204047217538
Children of Men_0206634,23453,0.27531659062806463,0.004147052322097429,0.4269386932722796,7.445183776932827
Children of the Corn_0087050,24071,0.25998088986747536,0.024493624463166275,0.4704371713224297,8.86355277675616
Chill Factor_0163579,10746,0.28038339847385074,0.0542589249608425,0.46117451476971577,4.947223497016981
Chinatown_0071315,23135,0.24897341690079966,0.021702659695795583,0.4392006375929787,7.313348059324708
Chocolat_0241303,19784,0.31904569348968864,0.054167474157473236,0.5266878202119162,9.489218974604695
Christ Complex_2416048,10670,0.2697282099343955,0.020338466665623174,0.4892975256301696,7.105990783410138
Chronicle_1706593,13647,0.2971349014435407,-0.009606751870887846,0.5535038785864715,9.228802153432031
Cider House Rules_4865798,23734,0.24450155894497347,0.08589913118075915,0.5183628508588194,8.068158697863682
CineBananas Rese a de Las Vueltas del Destino August Osage County_5528710,23308,0.23700017161489617,0.028983837292647398,0.4816311227645049,7.769537745261058
Cinema Paradiso_0095765,27543,0.24325599970954506,0.03764193008437732,0.4612997173910881,9.312227805695143
Cirque du Freak The Vampire s Assistant_0450405,22068,0.24827804966467282,-0.016686356448275652,0.43969347871758463,6.841338704679269
Citizen Kane_0033467,30612,0.21857441526198876,0.06252046929145474,0.4653297630998354,10.282025486250838
City Hall_12094720,23898,0.2930370742321533,0.08442070776445777,0.4394437165398704,9.22911051212938
City Island_1174730,18969,0.28383151457641415,0.05893427034439806,0.5003646276336893,6.40583109919571
City of Joy_0103976,27688,0.24230713666570355,0.063537724346469,0.45387302929148365,8.710204081632654
Clash of the Titans_0800320,21084,0.29738190096755834,0.060116246001037266,0.5133219739988292,8.340189873417721
Class_0085346,19092,0.23622459668971296,0.10233167120359972,0.5064556456320021,6.628551628551628
Click_0389860,18716,0.303857661893567,0.016775359191823862,0.43730166148102456,6.327597840755735
Cliffhanger_0106582,28949,0.20245949773740027,0.0045489874337635225,0.44314191267734065,15.509373326191751
Cloak Dagger_0087065,26666,0.24904372609315234,0.007676843938332877,0.4522520859285561,9.593031609195402
Cloak Dagger_5614844,26666,0.24904372609315234,0.007676843938332877,0.4522520859285561,9.593031609195402
Close Encounters of the Third Kind_0075860,29643,0.29625881321053876,0.06512044791146357,0.4340557012432008,11.864929859719439
Cloud Atlas_1371111,41178,0.2679100490553208,0.0982618805713348,0.4663187683948385,8.607589658048374
Cloudy with a Chance of Meatballs_0844471,16423,0.31340193630883517,0.14756141786634958,0.5254644283117733,7.072164948453608
Cloverfield_1060277,24934,0.2180155610812545,0.06553127034819933,0.45915970993136374,11.387317518248175
Clue_0088930,16964,0.27617307238858757,-0.030696134986205544,0.49599185670959867,6.1819839533187455
Coal Miner s Daughter_0080549,20921,0.26848621002820133,0.043352420095765,0.48127879065379037,10.123314065510597
Cobb_0109450,23599,0.2574261621255138,0.02631626378822309,0.4962015681414025,8.707227138643068
Coco_2380307,18718,0.268885564697083,0.10663252716692387,0.4742574801200537,6.988810145468109
Code of Silence_0088936,16253,0.28560881068110505,0.0060752511500516745,0.41985918582993065,8.618114406779661
Cold Mountain_0159365,26404,0.2658309347068626,0.004701056061993565,0.4601053118178125,8.606910039113428
Colette_5437928,21676,0.28653810666174573,0.10163252438742797,0.5326622148537042,6.885064730028418
Collateral Damage_0699285,25283,0.25428153304592016,0.0010399912407684448,0.410990266210474,7.268194842406877
Collateral_0369339,22090,0.3135808057944771,0.02515388657711496,0.41804769202800734,6.124484748557296
Colombiana_1657507,22348,0.24382495077859317,0.025097904843111918,0.4424444996040088,7.251295336787565
Coming Home_0077362,26454,0.2864217131624707,0.02970434819469747,0.47588683457065856,8.027059896625113
Commando_0088944,15566,0.2575485031478864,0.016031105371398548,0.4395114560955271,9.716863721219664
Complete Guide to Guys_0407680,16645,0.2697506758786422,0.08381795048522388,0.4519644318521184,9.26012201885746
Con Air_0118880,27477,0.30756632820176877,0.04698807380375928,0.4491688510669181,7.055883106895668
Conan the Barbarian_0816462,21415,0.26537473733364464,-0.003319292055557763,0.46067324692895467,9.044341216216216
Conan_1637574,25059,0.27323516501057504,-0.01910828671848691,0.4644794009700312,10.28137817883511
Concussion_3322364,25504,0.30242314930991215,0.03988991508529982,0.4532814218026787,6.678913324708926
Confessions of a Dangerous Mind_0270288,21938,0.26925882031178777,0.03322649120108943,0.49956413293805824,7.225721784776903
Conquest of the Planet of the Apes_0068408,17839,0.3766466730197881,0.002987069537863502,0.4354729354973655,10.674224343675418
Conspiracy Theory_0118883,21121,0.26646465602954406,0.026494698789299765,0.4127674420866911,6.481039755351682
Constantine_0360486,22607,0.2649621798557969,0.014540812630656354,0.43221881898965214,8.34548802946593
Contagion_1598778,23372,0.28469964059558445,-0.018247324600915722,0.4583865888562022,7.513288504642971
Cool Hand Luke_0061512,21984,0.26819505094614265,0.0008400782950571157,0.44450897972084435,8.54108527131783
Cool Runnings_0106611,19391,0.28317260584807386,0.08169220355376158,0.43769800249814733,8.001614856681469
Cop Land_0118887,23090,0.2772628843655262,-0.005992762293828379,0.4508612447544739,7.573162729658793
Copycat_0112722,24766,0.272631833965921,0.018298266177834602,0.4611921783072637,6.405146316851665
Coraline_0327597,21043,0.2933041866653994,0.03441010904209663,0.48289070487828234,8.644325657894736
Cortes_3523738,29025,0.27944875107665806,0.0681468517663057,0.4616353191706966,8.587923416789396
Cougar Town_1441109,21254,0.2792886044979769,0.07541395442126823,0.407478700180828,7.992111194590533
Courage Under Fire_0115956,26085,0.23216407897258962,0.03473802967538329,0.4486742080549423,6.065901262916189
Cowboys Aliens_0409847,23838,0.31873479318734793,0.006255030662261297,0.48631277180246224,9.466269841269842
Cradle 2 the Grave_0306685,14968,0.3024452164617851,0.0386206598610233,0.4338107939539659,5.879228953579858
Crank_0479884,19673,0.28211254002948205,4.403270264140711e-05,0.45258057561813064,8.674988854213108
Crash_0115964,16042,0.28257075177658647,0.014204165846779481,0.4431094254230617,13.90467937608319
Crawl_8364368,13945,0.26747938329150234,0.007040545053579852,0.4397844932102955,5.390262751159196
Crazy Heart_1263670,21851,0.23916525559470964,-0.0665098224976648,0.4876618880950208,7.908730158730159
Crazy Love_0417555,18512,0.25783275713050996,0.053856650718895636,0.4857624093593478,6.835298452468681
Crazy Rich Asians_3104988,21425,0.27911318553092185,0.15678540156998302,0.4863915555101664,6.86517571884984
Crazy Stupid Love_1570728,17621,0.2628114181942001,0.0795902563268361,0.5441680466772487,6.16340782122905
Crazylove_0416658,18424,0.2592813721233174,0.05242248134795454,0.48652968679585357,6.815060908084164
Creed II_6343314,18948,0.28699598902258816,0.11872777107152128,0.4931175658556612,8.212894850713976
Creed_3076658,22584,0.24628055260361317,0.03417005198971941,0.37065563089645664,7.84375
Crime Spree_0310924,21005,0.2156153296834087,0.026969838971792084,0.4393609404306517,7.66690988690259
Crimson Peak_2554274,21023,0.2959615659040099,0.08347882537350827,0.5022778752475955,7.889013873265842
Cross of Iron_0074695,22707,0.23239529660457128,0.011949648658633034,0.4445343328546448,8.810077519379846
Crouching Tiger Hidden Dragon Sword of Destiny_2652118,10293,0.30418731176527736,0.075203001492722,0.4551432339142912,6.951417004048583
Cruel Intentions_0139134,16595,0.22386260921964446,0.060924481083919915,0.565210094138666,6.484447900466563
Crusades_0111931,29700,0.2615824915824916,0.037272278852419995,0.4186846979185689,9.59111397295557
Curse of the Cat People Glenda and Odessa_1763990,22629,0.21574086349374696,0.08614377377900265,0.4638072722469394,9.412349772067966
Custody_6002232,12669,0.27760675665009077,0.08306631603258592,0.46602894655804655,6.2788509162951955
Dallas Buyers Club_0790636,19204,0.2656738179545928,-0.021238320167025176,0.4508225648270563,8.140202702702704
Damien Omen II_0077394,18318,0.31095097718091497,-0.0002560911687470244,0.5083988275129268,9.447638603696099
Damsels in Distress_1667307,18826,0.292574099649421,0.07789866124379626,0.53195577594123,7.184918529746116
Dances with Wolves_0099348,33672,0.19033618436683297,0.03399020676293404,0.4379819401377846,9.812700262161375
Dangal_5074352,21507,0.27000511461384663,0.04630621582597682,0.3988041302379538,7.658777817025786
Dangerous Liasons_0582886,20451,0.25382621876680844,0.0889225031968934,0.5119080878471126,9.806513409961687
Daredevil_0287978,17584,0.2985100090991811,0.018202547721674872,0.4381548951869148,7.693112467306015
Dark Asylum_0224626,16293,0.3425397409930645,0.0909547269416851,0.4779408416404382,7.709219858156028
Dark City_1055019,25592,0.257267896217568,-0.04099291755067202,0.34922502194718164,7.627851851851852
Dark Games_1234927,17511,0.220775512534978,-0.037645744846543795,0.44244961536016236,7.804260985352863
Darkest Hour_4555426,17203,0.3301749694820671,0.06857587142398722,0.456238625627766,9.293706293706293
Darkman_0099365,24023,0.3137409982100487,0.024382705083558668,0.458403347707145,8.056913290927351
Date Night_1279935,19978,0.24767243968365202,0.057670189840331884,0.496003867208113,7.911032028469751
Dave_8531222,20736,0.2535686728395062,0.12064879049986456,0.4446780584866515,8.421266233766234
Day of the Dead_0088993,22822,0.29081587941459996,0.007323905741694209,0.43247019476250254,7.996885813148789
Days of Heaven_0077405,17443,0.2642320701714155,0.06011839012242239,0.4467969499138848,8.566065333983422
Days of Thunder_0099371,26877,0.23268966030434945,0.0901633742441511,0.45986927615367934,10.23261117445838
Dazed and Confused_0106677,22480,0.25965302491103204,0.04930845645288103,0.44110846060455955,8.997186495176848
Dead Birds_0377749,22783,0.18965895623930124,0.026619445565420116,0.4144617592075218,8.816950464396285
Dead Dogs Wag No Tails_0732564,16538,0.3173297859475148,0.10528396878006259,0.4483951869889369,6.287165976665412
Dead Poets Society_0097165,19033,0.2317553722482005,0.08802026411224403,0.4748537157287157,7.047548838923701
Dead Silence_0455760,18988,0.2818095639351169,0.03234656249591914,0.46042266556972405,8.009643605870021
Dead to Me_10160908,6265,0.33391859537110935,-0.006192295663052535,0.5458271906482915,6.782702702702703
Deadpool_1431045,22780,0.35618964003511855,0.04490330886022116,0.4950810779744788,7.341033044594161
Death Note_1241317,18535,0.2679255462638252,0.01618870589535913,0.4512153970581391,7.4648170486529954
Death Proof_1028528,19808,0.31901252019386106,0.01586246919580252,0.4980387409554076,7.2413155949741315
Death Sentence_0804461,17474,0.2841364312693144,-0.0006698051365883386,0.4647045713610402,30.08433734939759
Death at a Funeral_1321509,17383,0.21480757061496863,0.044098445332610765,0.4862346595282517,6.383064516129032
Death to Smoochy_0266452,22285,0.26914965223244336,0.08830679500775758,0.5138058370201227,7.649248633879782
Debt The Good the Bad the Ugly_1755079,22664,0.23133603953406284,0.05457119660244655,0.4482179365512698,8.506357516828722
Deception_0800240,23825,0.27836306400839456,0.07088281729058428,0.46408426832837374,8.991356632844795
Deceptions_0089008,19605,0.26493241520020405,0.04779155768999519,0.5024937169312169,6.945448104852994
Deep Cover_0104073,19003,0.2861653423143714,0.023737361054743892,0.47384519863816743,7.188821752265861
Deep Impact_0120647,26552,0.2772672491714372,0.0591337971084695,0.43119034818228347,7.941246644795705
Deep Sky Eye_9489732,17983,0.2958349552355002,0.044116481393392325,0.43233997769411464,8.000443262411348
DeepStar Six_0097179,15011,0.2821264406102192,-7.138308799359325e-05,0.4800735075392085,8.076882007474639
Deja Vu_0453467,26384,0.2604229836264403,0.021157537102211858,0.43287938130868225,9.012044046799724
Deliverance_0068473,26161,0.25201636023087803,0.047149889214067105,0.47637808872708226,12.387417218543046
Demolition Man_0106697,24462,0.29735916932384926,-0.006283571697411603,0.44681564026204434,7.20005875440658
Den of Thieves_1259528,30115,0.2944379877137639,0.003287773318073522,0.4438514141025559,7.8625357979692785
Denial_4645330,24059,0.25990273909971323,0.12853242400879075,0.44862979677394793,7.993706525339516
Detective_0089066,10610,0.4252591894439208,0.053154919983278204,0.4484370222554299,7.397364771151179
Detroit Rock City_0165710,24537,0.28683213106736766,-0.01454827747773061,0.46532276923076926,8.633426966292134
Devil in a Blue Dress_0112857,21845,0.2302128633554589,0.10400997962389688,0.49573103576010424,8.883428107229895
Diamond Dust_4003070,18568,0.30434080137871605,0.015297378555698949,0.5127631399073838,6.087426326129666
Diary of a Wimpy Kid_1196141,20119,0.26015209503454445,0.05411529633260122,0.42394616983851113,8.228792822185971
Die Hard 2_0099423,22993,0.3101378680467968,0.026644650686261682,0.45468868722879446,10.943046986236356
Die Hard with a Vengeance_0112864,23222,0.2980363448454052,0.01609439723349153,0.39457145391064086,6.843549328663164
Die Hard_0095016,22518,0.2869704236610711,0.06488782584312029,0.4579430250803107,8.668316831683168
Diner_0083833,18133,0.3306678431588816,0.07741736462635936,0.4525958056249062,6.18773171553758
Dirty Girl_1107319,16107,0.29111566399701994,0.07623343848683524,0.5150778175126,7.38038496791934
Disclosure_0109635,20161,0.28441049551113534,0.06985160598237791,0.4788646655997401,6.482571154461145
Disobedience_6108178,17838,0.25810068393317637,0.06886774630248524,0.4685001719238664,6.028677462887989
District 9_1136608,15949,0.2714903755721362,0.003784591114663448,0.47665257508729303,9.067536889897843
Disturbia_0486822,22883,0.25341956911244157,0.005485145952011357,0.4117144806947442,9.95535327264846
Disturbing Behavior_0134619,21017,0.3914926012275777,0.02336814925694801,0.46191296077659744,7.224049331963001
Divergent_1840309,7501,0.35128649513398214,0.04617770100754395,0.4832087739679362,8.342222222222222
Django and Sartana Are Coming It s the End_0216546,25468,0.2827862415580336,0.0679591564765983,0.4100452389987272,12.47269212179797
Do the Right Thing_0097216,842,0.5249406175771971,0.14051838733656916,0.5354785954785954,8.028571428571428
Doctor Sleep_5606664,25563,0.2614716582560732,0.08794002638373132,0.48812901131493075,6.612561385370896
Dog Day Afternoon_0072890,25129,0.22392454932548053,0.01679750934181905,0.45775439182155625,8.313511727783284
Dogma_0120655,15051,0.3011095608265232,0.020011658037033975,0.4704942793213472,9.255528255528256
Doing Time_0808884,18013,0.26813967690001667,0.0582711941675043,0.5094105349084593,6.923522595596755
Dominion_0112882,8205,0.3946374162096283,0.08050092535195792,0.5240260768676916,6.904602510460251
Don t Look Now_0069995,21118,0.39208258357799036,0.023083287859960843,0.4502840944128822,12.32207338380897
Donnie Brasco_0119008,20419,0.29007297125226505,-0.007480604819314495,0.49171527098946527,7.009989665862901
Donnie Darko_0246578,17907,0.26425420226726976,0.1114508610425021,0.4538076481289668,6.606708440840398
Doom Patrol 1x1 REACTION Pilot_11528496,11883,0.3397290246570731,0.04499724813728389,0.48805875709321744,7.198547215496368
Double Indemnity_0036775,28858,0.18234111858063623,0.03298566811610289,0.45149203373116414,8.260658082975679
Down in the Boondocks_0591691,24236,0.24220168344611323,0.013261177630949694,0.46795521469917933,8.198447519406008
Downhill_4558376,17207,0.2894752135758703,0.11645038849853606,0.46837271021516685,5.848054145516074
Downsizing_1389072,23693,0.2941375089688938,0.11736566781783479,0.48664824202265244,8.368383909668314
Downton Abbey_1606375,18697,0.2240466384981548,0.07801499713093939,0.49144960036800633,5.697015834348355
Downton Abby Miller_2996668,18697,0.2240466384981548,0.07801499713093939,0.49144960036800633,5.697015834348355
Dr Jekyll and Mr Hyde_0022835,29513,0.22789956968115746,0.031089514350758168,0.49167893338395835,9.412305740564541
Dr Strangelove or How I Learned to Stop Worrying and Love the Bomb_0057012,19426,0.2684546484093483,0.04763311535774536,0.4834667270713784,8.418733960650128
Drag Me to Hell_1127180,15967,0.2904741028371015,0.06204712678053913,0.4401275891915703,7.047598060819745
Dragon Slayer_3710404,19288,0.28147034425549566,0.09197034111193855,0.4735935003984794,8.563249001331558
DragonHeart_0116136,26175,0.29891117478510026,0.01632781592608062,0.4894123184140395,7.857185185185185
Dragonslayer_0082288,18541,0.2911924923143304,0.04565975576906075,0.48990955108668105,8.61309800278681
Drive Angry_1502404,16363,0.28717227892195807,-0.013386393759308782,0.4322962688436963,6.55087440381558
Drive_0780504,19661,0.2380346879609379,0.0713713107113729,0.4543360131931565,10.414595452141723
Driving Miss Daisy_0097239,20479,0.262561648517994,0.07949246114610703,0.44962084882374725,7.34671925421298
Drop Dead Gorgeous_0157503,16475,0.32479514415781485,0.1033276898309766,0.4378346883203809,7.147498931167165
Drugstore Cowboy_0097240,21549,0.22381549027797112,0.04502474405045194,0.46008078897423155,10.750124688279302
Duchess the Xmas Killer_11343194,19993,0.2572900515180313,0.09583440571460722,0.4896683791670692,8.415966386554622
Duel_0067023,16910,0.259491425192194,-0.026547812549161488,0.4061628647132247,10.680503144654088
Dumb and Dumber_0109686,19909,0.2679692601336079,0.0045400481915427665,0.4376491379242731,8.325978351373855
Dumb and Dumber_9113296,19595,0.2615973462618015,0.1192400128969901,0.476534590308313,7.254424778761062
Dumb and Dumberer When Harry Met Lloyd_0329028,18407,0.27837235834193513,0.11326679879103194,0.4780033974388811,7.195940671350508
Dune_0087182,21151,0.25544891494491984,0.057977837326296244,0.4829017823880837,7.701671511627907
Dunkirk_5013056,12778,0.3354985130693379,-0.005855008333665583,0.3534090029326121,9.516272189349113
Duplex_1410017,18170,0.30759493670886073,0.0873314452471854,0.4403811235355074,6.784810126582278
E T the Extra Terrestrial_0083866,20464,0.29275801407349494,0.05029155728374472,0.47677660458910454,6.329283110571081
E101 Pilot_10161616,10542,0.35704799848226143,0.12313017751818003,0.4723481999116697,9.029736618521666
Eagle Eye_1059786,26334,0.3241436925647452,0.03982371420987901,0.4625651290819355,9.47432239657632
Easily Broken_0946528,27670,0.23079147090711963,0.0894189715540415,0.4592862330745154,9.859580519018841
Eastern Promises_0765443,18814,0.2368980546401616,0.015557104671855492,0.4578408948143676,7.5312
Easy A_1282140,18407,0.27163579073178684,0.0721060164006623,0.5165223378674467,7.735540653813914
Ed Wood_0109707,24869,0.28412883509590253,0.0686969703205375,0.5087777441707575,6.342893401015228
Edge of Darkness When in Rome Saint John of Las Vegas Legion Tooth Fairy 44 Inch Chest_1596979,54,0.8703703703703703,-0.03290043290043292,0.4887445887445887,6.0
Edge of Tomorrow_1631867,22808,0.28976674850929496,-0.003997868433439023,0.4517711981375949,8.493859322664681
Edges of Darkness_1442498,19626,0.3396514827269948,0.005470904340182489,0.4662297268459244,7.4579863739591215
Edtv_0131369,20902,0.2579179025930533,0.07759665527938286,0.4858992704180995,6.460135970333745
Edward Eddie the Eagle Edwards_5328298,20509,0.30191623189819106,0.06784097797604152,0.4448086933468291,8.017133956386292
Edward Ford IMDb_3020462,21909,0.26851978638915514,0.02515613605169884,0.4350369796149009,9.566506759703445
Egyptian Theatre_3471210,32515,0.23653698293095493,0.03387275211144274,0.4904589651865102,13.427512355848435
Eight Legged Freaks_0271367,16500,0.2787878787878788,0.028950310252932654,0.4188905936597019,6.341248563768671
Eighth Grade_7014006,18701,0.2679001122934602,0.08262714816383292,0.47510073561703964,6.744202640028541
El Mariachi_0104815,11771,0.2461982839181038,-0.0503212493755257,0.39544815544815537,9.253731343283581
El cantante_0458522,23325,0.3015648445873526,0.14800661873912221,0.4941371735661426,6.604132680804785
El pianista_0158088,19292,0.2690752643582832,0.021692078973082934,0.45886374998579676,7.983471074380165
Elf_0319343,11311,0.33825479621607285,0.10645964738173468,0.5506682834916984,7.520529801324503
Eli_5294518,20436,0.2397240164415737,0.04204244798207039,0.49261833250837134,7.32906894100924
Elizabeth Blue_5881892,18705,0.2256081261694734,0.06965811730482689,0.45797144510848703,7.793017456359102
Elizabeth The Golden Age_0414055,18983,0.2740873413053785,0.07792399423677968,0.45854171745724276,7.923492723492724
Elizabethtown_0368709,22980,0.29617058311575284,0.0836050616140948,0.4613867046581886,7.930878777353247
Elysium_1535108,24797,0.27168609105940233,0.011393043315747068,0.4865796349690271,7.541982418914823
Empire of the Sun_0092965,34299,0.2515233680282224,0.040211595547014894,0.38100790460484363,9.604195804195804
Encrypt_0338963,19967,0.29513697601041716,0.052098596825497855,0.434169722536274,7.463205080313784
End of Days_0146675,25653,0.26402370093166494,0.004730828422234666,0.4297614158551665,7.65839808726838
End of Watch_1855199,15981,0.31074400851010575,0.057401732867100784,0.44085727323822543,6.0859315589353615
Enemy of the State_0120660,19501,0.29747192451669147,0.012387287095620416,0.4479054530860088,7.213126843657817
Enough Said_2390361,12843,0.2623997508370318,0.12479665738125478,0.558357524751923,6.04280338664158
Enough_0278435,20543,0.2884680913206445,0.056928421528134855,0.49999393538742626,7.263342696629214
Enter the Void_1191111,9870,0.31671732522796353,0.021983770196554293,0.43079611835975445,11.001117318435755
Entrapment_0629253,26475,0.32396600566572237,0.08059896221374828,0.45028944610656635,6.851985559566787
Equilibrium_0238380,22212,0.35044120295335857,0.022918276213545398,0.4871643491545608,8.291398256915498
Equity_3958780,17043,0.2737194155958458,0.0487463890517276,0.48920928569886973,6.78060413354531
Eragon_0449010,20354,0.20590547312567553,-0.0022690392343184458,0.408448403848837,7.941290824261276
Erik the Viking_0097289,13290,0.27945823927765234,0.0311541578462701,0.5295548983924775,7.152232383001614
Erin Brockovich_0195685,26873,0.21783946712313473,0.05573545913306552,0.48568938154044516,8.220858895705522
Escape from L A_0116225,20927,0.2787308262053806,0.015468697300712443,0.42855255855255797,8.37674790251698
Escape from New York_0082340,8893,0.30608343641066005,0.024750633759449327,0.44236192981220107,6.486784140969163
Escape from the Planet of the Apes_0067065,3711,0.47965507949339803,-5.797531929938773e-06,0.49393105346067023,8.623556581986143
Eternal Sunshine of the Spotless Mind_0338013,21101,0.22543955262783755,0.05079531129168565,0.5187003519807386,6.464788732394366
Event Horizon_0119081,18089,0.282989662225662,0.026947333037176807,0.46623619032994046,6.634932259245698
Every I Know What You Did Last Summer Movie Ranked_13256474,10163,0.2328052740332579,-0.0005628027252567737,0.43457709447415277,10.068316831683168
Evil Dead II_0092991,16471,0.227490741302896,-0.019325152552907534,0.43949672613010693,8.82387580299786
Evil Under the Sun_0083908,30171,0.21547181067912896,0.0521989348675204,0.4679455818710201,10.49703108627314
Ex Machina_4601270,17127,0.25007298417703044,0.06809941069031983,0.4673194893684409,6.500381097560975
Excalibur_0082348,24907,0.24081583490584976,0.037145530741787475,0.49897158149831944,9.785153181461116
Excess Baggage_2171882,17482,0.2574648209587004,0.015079079986604528,0.4552124195039606,8.44417593040116
Executive Decision_0116253,28304,0.2545929903900509,0.03530076111144259,0.4733193673775605,10.072088068181818
Expendable_1181606,21107,0.29786326811010566,-0.002045645856843769,0.4492978081589191,9.506960035922766
Extract_1225822,18086,0.22752405175273693,0.05930119633715632,0.515662244774302,7.448417591450884
Extremely Wicked Shockingly Evil and Vile_2481498,19258,0.3090144355592481,0.08535008105320602,0.4891856238490854,8.52720035382574
Eye in the Sky_2057392,23879,0.2761422170107626,0.062471125336428394,0.3989503796036459,8.707848837209303
F_1486670,24665,0.30176363267788364,0.061435646864640966,0.4326035638424691,8.829581993569132
Face Off_0119094,21427,0.2870210482102021,0.017285966980500767,0.4800916228287611,7.500873209919665
Fahrenheit 451_0360556,25526,0.2944057039880906,0.08466388534227737,0.47771985691583624,7.772699757869249
Fair Game_0977855,20379,0.2938318857647578,0.04181066426570623,0.43367581820607054,6.812333333333333
Fallen Angels_0112913,21203,0.2922699617978588,0.035060697635697635,0.47138498168498166,7.357216672407854
Fantastic Four_0120667,24787,0.28418122402872475,0.05612052859586314,0.44565777484762154,6.935018050541516
Fantastic Four_1502712,24773,0.2840996245912889,0.05556420036220528,0.44635318513969385,6.934981939427619
Fantastic Mr Fox_0432283,19675,0.2696823379923761,0.010377301747705481,0.46773088978552974,8.634969325153374
Fantastic Voyage_0060397,23910,0.2465077373483898,0.027396557483044315,0.47765002575549464,10.958447488584476
Far from Heaven_0297884,21949,0.25185657660941274,0.09846361616945856,0.46835919273962734,7.396697000337041
Far from the Madding Crowd_5146456,19777,0.2749153056580877,0.09787123448715537,0.4886756697912392,8.217805383022775
Fargo_2802850,14209,0.275107326342459,0.06723710540594707,0.4594485932284975,7.47874601487779
Fast Five_3022828,24445,0.28594804663530377,0.052778714686428335,0.43384687107048947,9.243874858650583
Fast Times at Ridgemont High_0083929,21209,0.24315149229100855,0.07902892799852977,0.45930855191320336,6.960065466448445
Fatal Attraction_0093010,21345,0.3258842820332631,0.08856762530993159,0.5014148720242941,7.043992120814183
Fatal Instinct_0106873,25042,0.2901924766392461,0.020625436793621263,0.470858245974525,6.722237088573722
Fear and Loathing in Las Vegas_0120669,19412,0.3191840098907892,0.01982028724194761,0.45587699998414294,7.811646586345382
Fear of Clowns_0362636,21613,0.2371720723638551,0.060677582696221616,0.4870921250811808,7.428327061238454
Feast_0426459,15396,0.3056638087815017,-0.0003735882207256587,0.4300057948118294,6.86432384341637
Fences_2671706,28843,0.15948410359532642,0.15245361053672962,0.5101969800333873,7.884669086847249
Fernando Arrabal lit Sa corolle noire ditions A Biren suivi de Ah la belle ann e ditions Ginasservis et Paris_12447550,22323,0.231286117457331,0.06482195955086582,0.4836144466644472,7.262342691190707
Ferris Bueller s Day Off_0091042,20700,0.25072463768115943,0.009869215026060491,0.5074825335572286,6.824342105263158
Field of Dreams_0097351,22176,0.24129689754689754,0.08382668426875743,0.48163455965894975,8.723179326546594
Fifty Fifty_0106902,14072,0.28368391131324616,0.05205380998940233,0.535169065430693,6.5912476722532585
Fight Club_0137523,24794,0.28353633943696055,0.048207686895575086,0.4134456252856878,6.972456436200113
Fighting Belle_5662022,18420,0.2943539630836048,0.07906025166712395,0.46904595084248735,6.570970042796006
Fighting with My Family_6513120,19117,0.30193021917664903,0.06394982743427816,0.4579612942254304,7.026392961876833
Film Stars Don t Die in Liverpool_5711148,17431,0.3193161608628306,0.08099664417877885,0.4773230446559405,6.41875
Final Analysis_0104265,19226,0.31285758868199315,0.02535310598641473,0.5016788733997004,6.939117754283631
Final Destination 2_0309593,21298,0.296976241900648,0.007348780245519362,0.4508457766066461,8.603940490550864
Final Destination_0195714,14428,0.3148738563903521,0.02613459530909924,0.4707257455312552,7.8185224839400425
Firetrap_0243907,19131,0.24928127123516805,0.028000995998378148,0.4527199632827904,6.7407797681770285
First Blood_0083944,17765,0.38649028989586265,-0.005158903018278008,0.43399759499759594,10.537685459940652
First Man on Mars_4562262,29968,0.28293513080619326,0.03253178952906973,0.4446025516190271,7.250543084721216
First Reformed_6053438,13898,0.34738811339761116,0.1070498006961421,0.43106288111166086,7.555435370470525
First They Killed My Father_4882376,21519,0.2334680979599424,0.01614267146819231,0.42739691485640646,10.12312030075188
Five Easy Pieces_0065724,16147,0.2551557564872732,0.006465389448366686,0.4892435453258133,9.635223880597016
Five Feet High and Rising_0240507,4416,0.3383152173913043,0.002998540035207204,0.4113590895477688,7.223856209150327
Fixed_4777004,1232,0.47483766233766234,0.004462980367585643,0.37772556390977446,6.5132275132275135
Flash Gordon_0080745,16867,0.3203889251200569,0.056144468469099255,0.5086067374569483,9.674498567335243
Flashdance_0085549,20753,0.29966751794921215,0.09297201397791525,0.46617132430437214,7.200276720857834
Fletch_0089155,16516,0.2888108500847663,0.00023422978470297168,0.22179691992783374,8.245221445221445
Flight 29 Down_0433275,18978,0.26615027927073454,-0.01516569532668381,0.46280062904090896,8.12206572769953
Flight_1907668,29236,0.24634012860856477,0.0383008980212927,0.4293343297290665,8.242084617539927
Flipped_0817177,18359,0.23590609510321914,0.06454055079969705,0.4780523848328727,7.383252818035427
Focus_2381941,21583,0.29680767270536995,0.09159919414936807,0.4765940878899159,6.878103119032463
For Colored Girls_1405500,16706,0.2209385849395427,0.09410570830227177,0.48916031853342995,7.414634146341464
Forgetting Sarah Marshall_0800039,17557,0.2699777866378083,0.09589706818756341,0.5360664086010107,6.597529015350056
Forrest Gump_0109830,22483,0.21167104034159143,0.05727494522628284,0.43061898182181246,7.44308808973936
Fortune Cookie_0210688,19620,0.2704383282364934,0.07358414982110816,0.5032300894219026,7.3274962742175855
Four Feathers_0005353,17281,0.25924425669810774,0.031031552295441186,0.44011992945326306,8.232524964336662
Four Lions_1341167,18953,0.28000844193531366,-0.016710068759822037,0.4656927237601572,7.274279210925645
Four Rooms_0113101,21981,0.24657658887220782,0.07722606531403854,0.5161884129172858,8.393823865802517
Four Weddings and a Funeral_0109831,22548,0.260111761575306,0.11735428340432655,0.5136172037838703,7.3278210116731515
Fracture_0488120,18594,0.27541142303969024,0.022593017214567513,0.4525559383798023,8.170091823349367
Frailty_0264616,23229,0.18046407507856557,0.014267940888476634,0.42606214640738477,8.134709587123863
Frances Ha_2347569,14164,0.2772521886472748,0.07319935818846958,0.5224678890553891,5.885631709331132
Frances_0083967,24454,0.27954526866770263,0.0707168393746208,0.46921925730519437,7.141025641025641
Frank Miller s Sin City A Dame to Kill For_0458481,17891,0.27639595327259514,0.06968552928699288,0.5117728622369974,6.904157043879907
Frankenweenie_1142977,12842,0.2800186886777761,0.062216735810469985,0.5142513081324259,8.007476635514019
Frankie_8019694,19213,0.2681517722375475,0.11935214727110979,0.5159493731848894,7.37782892213272
Freaked_0109838,19824,0.31799838579499595,0.05275554280009156,0.5140730543644862,7.281948004393995
Freddy s Dead The Final Nightmare_0101917,23736,0.2292298618132794,-0.002404134622884622,0.4524614960864955,8.165521978021978
Freddy vs Jason_5843012,23449,0.24052198387990958,-0.039482696427626585,0.47070265049400073,8.083533036631291
Free Fire_4158096,18457,0.21070596521644905,-0.013474299452560333,0.4437423102036628,6.276342624065261
Frequency_0186151,24313,0.27960350429811215,0.018144480625396663,0.4193882792356077,7.092646207295889
Friday the 13th Part 2_0082418,16658,0.27962540521070955,-0.006799012765071061,0.40832014507434666,9.362156092083099
Friday the 13th Part III_0083972,16658,0.27962540521070955,-0.006799012765071061,0.40832014507434666,9.362156092083099
Friday the 13th Part VI Jason Lives_0091080,15525,0.3015780998389694,-0.02685470808388819,0.5099859433365252,7.62426614481409
Friday the 13th Part VIII Jason Takes Manhattan_0097388,21299,0.2823137236489976,0.03194426306738978,0.45862310600389594,8.757959183673469
Friday the 13th_0758746,15488,0.27421229338842973,0.04824169842210548,0.4183050058050057,8.032642487046632
Friday_0113118,16491,0.2433448547692681,0.003211546629893404,0.4181695228308134,5.752584194731577
Fried Green Tomatoes_0101921,25370,0.24284588096176588,0.06884803195028781,0.46965906748374253,9.266520627966411
Friends with Benefits_1632708,15981,0.25768099618296725,0.1162950106821679,0.4778772372044062,6.5760557605576055
Fright Night_0089175,19675,0.2818297331639136,-0.0017676188335682365,0.5009285199396891,6.453176162409954
From Dusk Til Dawn_6146998,21802,0.24589487203008897,0.008553412535712892,0.45236185581405647,9.095953274926993
From Dusk Till Dawn_0116367,21373,0.24194076638749826,0.01262023887674929,0.45491252366252394,9.024462252214256
From Here to Eternity_0045793,32800,0.2313719512195122,0.07804951147409557,0.4709560924653089,8.151229202880556
From Here to Infirmity_0606185,32592,0.23585542464408443,0.07703084172543459,0.47006975105095355,8.156921539230385
From Russia with Love_0057076,23711,0.21057736915355743,0.025926140511958344,0.41136300336044773,7.4262960649594
Frost Nixon_0870111,19386,0.311668214175178,0.08794579666058865,0.4136388076005157,7.053352559480894
Frost Portrait of a Vampire_0212277,14354,0.3046537550508569,-0.0337095050865634,0.4724287336083736,10.915292353823089
Frozen River_0978759,16118,0.22819208338503535,-0.0013195386617416355,0.38291031942022064,6.884794578568403
Frozen_2294629,13412,0.24321503131524008,0.01709146417010626,0.479343832229862,7.050468262226847
Fruitvale Station_2334649,16085,0.2399751321106621,0.09004823761380105,0.4375359153678653,7.525700934579439
Full Body Massage_0113131,14296,0.2742025741466144,0.0970623350824213,0.46869310905896217,8.964956195244055
Full Metal Jacket_0093058,14197,0.2768190462773825,0.06437880782965862,0.4562398598259779,5.948804028535459
Fun with Dick and Jane_0076059,10351,0.35561781470389336,0.02882973163126674,0.4747693353998186,8.660535117056856
Funny People_1201167,24512,0.18390992167101827,0.0726040543481733,0.5547666751725803,7.605140910498607
Fury_2713180,22861,0.2612746599011417,0.029453678653130887,0.4140195196569693,6.405488658639037
G I Jane_0119173,20162,0.31341136791984925,0.03247034821924187,0.4452241530445639,7.0225069252077565
G I Joe The Rise of Cobra_1046173,23782,0.278403834833067,0.06784684196830425,0.47663516857275917,9.449384676458912
GI Joe The Rise of Cobra First Look_3151430,23827,0.27913711335879465,0.06784684196830425,0.47663516857275917,9.456383822363204
Galaxy Quest_0177789,25497,0.29309330509471704,0.078458635269872,0.48965005884580387,7.269416785206259
Game 6_0425055,14072,0.30052586696986927,0.049626049818507066,0.4539149238527155,7.28076525336091
Game Night_2704998,18349,0.2796337675077661,0.03370860776509818,0.5112435940128247,6.492584745762712
Game of Thrones Review The Dragon and the Wolf Season 7 Episode 7_7317326,12275,0.2771486761710794,0.005279804967304995,0.4763321438321441,8.508662508662509
Game of Thrones_0944947,13871,0.30826905053709175,0.04678351184244484,0.4684268633214043,9.502739726027396
Gamer_1034032,21827,0.33270719750767397,0.012253219927309492,0.44269011136137126,9.511324041811847
Gandhi_0083987,22406,0.24908506650004464,0.06452964210333616,0.4434383386099809,11.14950495049505
Gang Related_0118900,21567,0.2253906431121621,0.021545300364463976,0.45391906459553505,6.8196462413139605
Gangs of New York_0217505,31397,0.253113354779119,0.03862887465018148,0.45553679695725174,9.347904191616767
Gangs of Wasseypur_1954470,20938,0.306141942878976,-0.011736054911129097,0.5671903755657468,6.7823717948717945
Garden State_0333766,23522,0.2402856899923476,0.08433052059814145,0.47249634615808406,7.7935142289874255
Gateway IMDb_8765666,22262,0.2750426736142305,0.045965910311073686,0.47003404642537777,11.792612137203166
Gattaca_0119177,24256,0.28215699208443273,0.05469398126715205,0.4664635549635551,9.562893081761006
Get Carter_0067128,13837,0.26949483269494834,0.008644407578402903,0.49650668689220046,6.523540489642184
Get Him to the Greek_1226229,20562,0.24306974029763642,0.09590008239464476,0.5091806068964336,6.819867549668874
Get Low_3022266,18603,0.22587754663226361,0.06447999657736114,0.4752561274742823,8.518077803203662
Get Out_5052448,9223,0.3081426867613575,0.10993537643445597,0.4913294459133121,7.878942881500426
Get Rich or Die Tryin_0430308,20844,0.26477643446555366,-0.010216278384916296,0.42782961832376243,8.624896608767576
Get Shorty_5761496,24915,0.21043548063415612,0.04713584554380578,0.43389396857058554,7.869524109675386
Get on Up_2473602,24317,0.25101780647283795,0.05167969040748289,0.41282785161065044,6.4645794640488194
Ghost Adventures_1319900,22609,0.2957671723649874,0.033826944141784165,0.46178905952273913,6.339176405119644
Ghost Rider_0259324,24447,0.29365566327156706,-0.03236225689454507,0.4689144156876717,9.410157752981917
Ghost Ship_0288477,22284,0.22558786573326153,0.07568291160008252,0.4569206029304368,9.202641353693767
Ghost World_0162346,20295,0.26228135008622816,0.045327594347809974,0.5079116759199873,7.741051028179741
Ghost_0099653,23702,0.22479115686439963,0.06627834420956694,0.4966401773061155,6.633035215204025
Ghostbusters II_0097428,8800,0.32840909090909093,0.03700016440582479,0.4596172166884,15.00511073253833
Giant_0049261,40012,0.2567479756073178,0.09252503354964867,0.5239633821967693,10.696936542669585
Ginger Snaps_0210070,19772,0.29526603277361924,-0.001233014368717386,0.47917840158886,7.153485012639942
Girl with a Pearl Earring_0335119,19474,0.27883331621649377,0.0346811427966611,0.48908040898559224,8.750336775931746
Girls Trip_3564472,19335,0.28895784846133954,0.0786203654159311,0.469573352237459,6.999638336347197
Gladiator_0172495,23021,0.2269232439946136,0.0401407048099327,0.48869963827609975,8.992575224697147
Glory Road_0502360,25741,0.2602462996775572,0.10442822371517566,0.4299800125203358,7.76491862567812
Go_0139239,21384,0.2604751215862327,0.028879719853296338,0.4603420193084779,6.6942019950124685
God s Country Off Route 9_1470596,15478,0.23207132704483782,0.027301811940276033,0.4798890766443953,9.8
Gods and Monsters_0120684,20858,0.2675232524690766,0.07094769518016569,0.5099662002479824,6.922211188348229
Godzilla 1985_0800414,24340,0.3215283483976993,0.019615164474916,0.4511018039858401,7.873596406801411
Godzilla_0120685,22895,0.252325835335226,0.04369132259015894,0.4422020918290557,8.47380073800738
Gold_1800302,25867,0.28522828314068116,0.06020251860434506,0.4520006355052016,7.559475218658892
GoldenEye_0113189,41778,0.19696969696969696,0.022705354856192846,0.44007196636386503,32.36638264910922
Goldfinger_0058150,25124,0.21445629676803057,0.029498539135842328,0.41076517402107954,7.944287063267233
Gone Baby Gone_0452623,12649,0.27377658312910114,-0.018327885449388136,0.423499871067561,9.516324981017464
Gone Girl_2267998,28480,0.28258426966292133,0.062129564224911525,0.49666936638430764,7.0607857672349885
Gone in 60 Seconds_0187078,26886,0.25537454437253587,0.03832961830308129,0.4623346038019955,6.430587049634669
Gone with the Wind_0031381,78090,0.25690869509540276,0.07172988852331541,0.48181133128040365,9.397821512563436
Good Boy_5358714,15174,0.30769737709239486,0.02679712456378179,0.44961157341986374,6.718073353954927
Good Luck Chuck_0452625,21286,0.2912712581039181,0.06512898343845977,0.49495478081039596,7.237707697524584
Good Night and Good Luck_0433383,14876,0.3051223447163216,0.122972900184107,0.44411936483057146,8.213421342134213
Good Omens 1x1 REACTION In the Beginning_12150620,11484,0.3658133054684779,0.06305684908447089,0.47378199896926426,6.8550983899821105
Good Vibrations_1920945,17959,0.2899938749373573,0.029890497714479346,0.4226684346892012,7.986234458259325
Good Will Hunting_0119217,21101,0.24742903179944079,0.07682379578212918,0.49030084613417924,7.7620790629575405
Goodfellas_0099685,21993,0.2406674851088983,0.02232315022108187,0.4918798437773257,7.915260323159784
Goonies 2_10326460,4650,0.4038709677419355,0.0355000216289577,0.450133000304756,7.579804560260587
Gosford Park_0280707,28504,0.22263541959023295,0.0477413935470891,0.4916595492321296,7.1145133183968134
Gothika_0348836,23501,0.2522020339560019,0.0074094873222729975,0.46785198142885104,8.596491228070175
Grabbers_1525366,10530,0.33760683760683763,-0.018765193218142656,0.45452611495869966,8.755407653910149
Gran Torino Next Door_1753876,20059,0.2365023181614238,0.01801174113590506,0.4369828417155637,6.951540325372101
Grand Hotel_0022958,12893,0.2557977196928566,0.10861635400322643,0.511279136923241,8.391163092917479
Grand Hotel_7671068,12953,0.250135103836949,0.1063567082690185,0.510775671908088,8.232868020304569
Grand Theft Parsons_0338075,16897,0.2364325028111499,0.068809438424823,0.45158374785963545,7.180118946474087
Grandma_4270516,10856,0.2857406042741341,0.032935494994620916,0.4994773957220453,5.224401913875598
Grass Labyrinth_0229520,13625,0.31456880733944953,0.016024455012089666,0.46409106928942817,8.091448931116389
Great Expectations_0119223,22873,0.27630831110916804,0.10925682149003917,0.5454191369594714,8.68662372110648
Green Book_6966692,18803,0.3005903313301069,0.07384009273039878,0.4305489251721593,7.301777434312211
Green Guys_1514045,16239,0.2518627994334626,0.061938942748230676,0.4963265044417387,6.181818181818182
Green Lantern_1133985,24645,0.3140596469872185,0.07850398239198182,0.4885074052389627,7.495755003032141
Green Room_4062536,15623,0.36887921653971706,0.0034692022019882137,0.3994595009510258,6.8576404005224205
Gremlins 2 The New Batch_0099700,22250,0.30364044943820223,0.06369612335713114,0.4835149687874605,10.022401433691757
Gremlins_0087363,16015,0.28017483609116456,0.05215874828607259,0.4687561783946079,5.1814980793854035
Grosse Pointe Blank_0119229,17226,0.30703587600139326,0.03627261315576538,0.4443835339378817,8.06013986013986
Groundhog Day_0107048,20957,0.2632056114901942,0.055674709482503394,0.46801684225066,8.477521263669502
Groupie_0212976,16911,0.26089527526462064,0.02478647139897144,0.43977991129241173,6.307749627421758
Guardians of the Galaxy Vol 2_3896198,14520,0.30172176308539944,0.007765161472771887,0.47973247003609737,10.578295702840496
Hackers_0113243,12873,0.33636293016390895,0.06772820283035694,0.5146207832181552,6.39067922657412
Hacksaw Ridge_2119532,22278,0.27224167339976657,0.034435309707463474,0.458648820315487,9.233196721311476
Hail Caesar_0475290,20815,0.31775162142685565,0.0798808023009842,0.4617757371627338,8.334130781499203
Hair Show_0382561,19526,0.2816757144320393,0.1262320286807026,0.48089834705023665,7.079222182211019
Hall Pass_0480687,24762,0.24565867054357482,0.11801479773433679,0.4874170925771909,8.530037761757638
Halloween 4 The Return of Michael Myers_0095271,12168,0.2480276134122288,0.04007722043633357,0.44820516165956603,6.59469696969697
Halloween H20 20 Years Later_0120694,12797,0.3158552785809174,0.014193044045794644,0.4448031960359149,7.355708548479633
Halloween III Season of the Witch_0085636,16603,0.31843642715171955,0.07369396938509198,0.47520221670012136,6.556514913657771
Halloween II_0082495,17290,0.26951995373048004,-0.01710235352126382,0.4093322123045255,6.048421052631579
Halloween IV The Return of Michael Myers Hot Mustard Water_13376032,12168,0.2480276134122288,0.04007722043633357,0.44820516165956603,6.59469696969697
Halloween Resurrection_0220506,8980,0.3371937639198218,0.013960493783993784,0.46677311843711816,8.909180651530109
Halloween The Curse of Michael Myers_0113253,19871,0.3106033918776106,-0.00846115858485651,0.46769512252151085,7.922954091816368
Halloween_0296665,480,0.5958333333333333,0.01058802308802311,0.412938912938913,10.58695652173913
Halloween_1502407,12429,0.29777134121811893,-0.02726644103946732,0.442662704741652,8.41299932295193
Hancock_0448157,21096,0.313424345847554,0.023601132865774466,0.46123963158054043,6.145923991876995
Hanna_0993842,22241,0.24944921541297604,0.026245320097736058,0.4309824535874951,7.931194295900179
Hannah and Her Sisters_0091167,36140,0.2003873824017709,0.08829947425849852,0.4671984298770019,9.042818023400548
Hannibal_0212985,6069,0.37205470423463505,0.137984637549511,0.47128744233965775,5.930933852140078
Happiness_0147612,13400,0.2828358208955224,0.15565692954376706,0.512200371182752,5.360956175298805
Happy Camp_5830218,22289,0.2974112791062856,0.07297193147078489,0.5328206006416121,8.662835249042146
Happy Death Day_5308322,18386,0.2675405199608398,0.0007850021751294494,0.4642176102598533,7.230438184663536
Hard Candy_0424136,25658,0.37243744641047627,0.07916124720534734,0.509355635257274,11.926046511627908
Hard Eight_0119256,16771,0.22765488044839305,0.06010493859772707,0.46118647538359064,6.639223300970873
Hard Rain_0120696,17714,0.23055210567912385,0.06604247253218118,0.4542616782545126,7.70695652173913
Hard to Kill_0099739,21154,0.28018341684787745,0.02571352147541513,0.45052755163576064,8.397951142631994
Hardball_0657508,26032,0.21558082360172096,0.004772714212024405,0.44728792760423897,9.373606616325063
Hardcore Henry_3072482,18431,0.2835440290814389,0.060895926685400385,0.44615080460475187,7.822062552831784
Hardware_0099740,19681,0.2664498755144556,0.02385634961629281,0.4542708911458904,10.042791645440651
Harlem Nights_0097481,16888,0.24579583135954525,0.09580411253922042,0.4858863355197575,7.817011494252873
Harold Kumar Go to White Castle_0366551,21736,0.25653294074346705,0.015375674378587506,0.46183769149870907,7.489558370421089
Harold and Maude_0067185,19762,0.26657220929055764,0.08085939181465883,0.4694665160513023,6.72220367278798
Harriet_4648786,22015,0.2716784010901658,0.03634528326141488,0.46099459395607134,7.9013629842180775
Harry Potter and the Chamber of Secrets_0295297,25620,0.28005464480874315,0.04073502681626463,0.49834438131313075,6.8315565031982945
Harry Potter and the Deathly Hallows Part 1_0926084,28019,0.2556479531746315,0.08093357444103716,0.4963976920444583,7.320626631853786
Harry Potter and the Goblet of Fire_0330373,25020,0.34368505195843324,0.0616471242743046,0.5187452431289636,8.042122186495178
Harry Potter and the Half Blood Prince_0417741,29325,0.2677919863597613,0.05750252175688222,0.49849826056802765,6.660313138189244
Harry Potter and the Half Blood Prince_1470324,29325,0.2677919863597613,0.05750252175688222,0.49849826056802765,6.660313138189244
Harry Potter and the Order of the Phoenix_0373889,31312,0.22512135922330098,0.06272326401416403,0.468315088637547,6.940035273368607
Harry Potter and the Prisoner of Azkaban_0304141,23197,0.303487519937923,0.022549378258312273,0.5282692278215796,6.510381593714927
Harry Potter and the Sorcerer s Stone_0241527,25185,0.32404208854476874,0.05922281807771362,0.45706397779393243,6.913422270623468
Harvey_0042546,30252,0.13536295120983738,0.12409352467563484,0.49017012766466916,9.090504451038576
Hate Crime_2257436,9191,0.2780981394842781,-0.12531096750650086,0.49976583827483695,7.330143540669856
He Dies at the End_1753891,23762,0.26462418988300646,0.013880890860131936,0.44229396555825157,8.954887218045112
He s Just Not That Into You_1001508,21630,0.2279704114655571,0.12839846100995603,0.5199025792744387,7.449793672627235
Heat_0113277,25246,0.2696268715836172,0.008015286379289962,0.41125902423927563,6.049693829486576
Heathers_0097493,21643,0.2834634754886106,0.05488299455208512,0.508424487883251,7.523092712966131
Heavenly Creatures_0110005,13401,0.28729199313484066,0.046828681505746275,0.5166109393252254,7.178551055333713
Heavy Metal_0082509,12811,0.32113027866677074,0.013184148073838366,0.47754875045589384,9.054225352112676
Heist_0252503,12672,0.26704545454545453,0.050314770175261266,0.46253792524439863,5.677693339293697
Hell or High Water_2582782,19822,0.2595600847543134,0.0340728246589491,0.4302571715011906,7.303736588975212
Hellbound Hellraiser II Lost in the Labyrinth_0401463,24985,0.23017810686411846,0.01731610370761314,0.4425549218675905,10.656996587030717
Hellbound Hellraiser II_0095294,24617,0.23410651176016573,0.019678897445209027,0.44228300919379504,10.577930442249892
Hellboy II The Golden Army_0411477,19967,0.3330996143637001,0.022722141729527006,0.46654922985001096,9.231053604436228
Hellboy_0167190,20130,0.3299552906110283,0.020103842933371655,0.416272437675236,7.859259259259259
Hellraiser Bloodline_0116514,22741,0.28402444923266346,0.08616601433842352,0.5284563932427176,9.177705977382876
Hellraiser Deader_0337636,19966,0.2439146549133527,0.006207571044299504,0.43242603891364195,9.046606334841629
Hellraiser Hellseeker_0274546,19857,0.25960618421715265,0.01771198279281734,0.4819875768900335,8.168105219893135
Hellraiser III Hell on Earth_0104409,20615,0.2648071792384186,0.057021653365772446,0.4752654166335272,8.305430788076766
Hellraiser_0093177,15612,0.24160901870356136,0.02937248948341119,0.46693704296666727,6.822934973637961
Henry Fool_0122529,23381,0.23125614815448442,-0.008577447332627329,0.4135650866852716,7.521221864951769
Henry s Crime_2324817,16734,0.2668817975379467,0.11854567397728272,0.4675395839740102,5.229956494717215
Her Smell_7942742,26916,0.24008024966562638,0.011035630803452086,0.5061717960011134,8.232295482295482
Her_1798709,16881,0.22711924649013684,0.10479378529306291,0.5393471377691031,7.484271156402304
Hereditary_7784604,24955,0.27501502704868763,0.0009666957143000109,0.4623319639805391,6.913883521943141
Hero_0104412,25211,0.2664709848875491,0.06413973032107867,0.46973499204207847,8.152012882447664
Hesher_1403177,20982,0.2120865503765132,-0.004945707456124127,0.42785408033324696,7.872468117029257
Hidden Figures_4846340,23161,0.25257976771296575,0.0880221027545514,0.4206325156325155,6.342536905412794
Hider in the House_0097503,18189,0.24382868766837099,0.04690198900284707,0.4855693510168607,9.219746835443038
High Fidelity_0876719,24086,0.23171136759943536,0.052666877494799536,0.482113477431659,8.063815569662546
High Noon_0044706,24410,0.29619008603031544,0.020310085326744345,0.49777823534716925,8.304752066115702
Highlander The Final Dimension_0110027,16984,0.23480923221855865,0.05173501498501496,0.4426593373459045,7.719800181653043
Highlander_0091203,16008,0.30141179410294855,0.03210968964700311,0.4527968598565612,7.072374227714033
Him Here After_2379480,17476,0.28198672465094987,0.07111988557254609,0.5321426116491514,8.664700098328417
His Girl Friday_0032599,28618,0.20476623104339925,0.09900512701014047,0.469999791047491,7.5207131620346095
His Secret Past_5865046,22600,0.255929203539823,0.08000065446401307,0.49085398759919524,8.34710438952416
Hitchcock_0975645,19550,0.30051150895140666,0.07851013698235919,0.4886970077247848,8.99357503441946
Hitman_0465494,30249,0.25306621706502697,-0.002236277997824928,0.4358716352887904,7.214251554280248
Hocus Pocus_0107120,18375,0.3149387755102041,0.032388107418654784,0.5187920848629682,6.509554140127388
Hold the Dark_5057140,21974,0.31446254664603623,-0.015584367384876112,0.4511296269944531,8.22
Hollow Man_0164052,22458,0.23889037314097425,0.02292612302227688,0.4428419661370846,6.5620245757753075
Hollow Man_0533545,22729,0.23762594042852744,0.025356916400711995,0.4414553042253775,6.583526682134571
Home Alone 2 Lost in New York_0104431,17942,0.2867573291717757,0.03318861762777329,0.4577000239458848,7.333743337433375
Home Alone_0099785,19028,0.29162287155770444,-0.021555138175777682,0.4343231256561825,7.057728119180633
Homicide The Movie_0226771,20340,0.23180924287118979,0.02369634927605941,0.4245378219472426,9.395307658255865
Honey Boy_8151874,14297,0.27963908512275304,0.02945781831312548,0.48042309529000243,6.369121561668146
Honey I Shrunk the Kids_0097523,19628,0.2663032402690035,0.035645423067115344,0.4470723857771403,6.856547412295936
Honeydripper_0829193,18706,0.26248262589543464,0.03259151649709204,0.4437309708676616,14.24638783269962
Hook Line and Sinker Part 2_0549217,11480,0.40714285714285714,0.09620433023981577,0.5211286724452397,6.43683917640512
Hook_0102057,11357,0.4309236594170996,0.04535775053184753,0.5135349660425303,6.94313369630974
Hope and Glory_0093209,20823,0.28919944292369015,0.025673474064192618,0.42730753777160957,8.181247548058062
Horrible Bosses 2_2170439,19088,0.27352263202011734,0.09027361895421068,0.5190927307613021,6.827918600499822
Horrible Bosses_1499658,17541,0.2503848127244741,0.04487961911477105,0.5052811898046704,6.965489884966283
Hostage_0340163,22634,0.21573738623310065,0.01484102997760511,0.46008761969239903,10.782753692234397
Hot Fuzz_0425112,23756,0.28990570803165516,0.08507602510469497,0.4515681056965463,7.15990381725278
Hot Tub Time Machine_1231587,17957,0.2779417497354792,0.07154726060976059,0.5291132019689712,7.753235547886109
Hot romance_6048960,14881,0.1935353806867818,0.06940609826102535,0.5138763745378703,11.6875
Hotel Transylvania 2_2510894,18580,0.30328310010764264,0.1356591285974562,0.45590580494137245,6.365338781069118
House of 1000 Corpses_0251736,18934,0.2929650364423788,0.019483716033744523,0.5019556109037285,7.790057518488085
House of Dark Shadows_0065856,18757,0.27403102841605803,0.05762154110587173,0.45884157824498684,7.294253760123409
House on Haunted Hill_0185371,20266,0.28885818612454356,0.05651528774423694,0.49187713585016435,10.670162558993184
How Do You Know_1341188,25275,0.2731948565776459,0.09234296176663671,0.49299827572078875,7.2285954113038615
How to Eat Fried Worms_4429734,20500,0.2901951219512195,0.03352528419381187,0.44552226631153563,6.315110565110565
How to Lose Friends Alienate People_0455538,19757,0.27306777344738575,0.075081608596904,0.4938434869553008,6.744500846023689
How to Ruin Your Favorite Sitcoms with Simple Math_6870282,31265,0.2613145690068767,0.08285198024390739,0.5098330105840934,7.489545782263879
How to Train Your Dragon 2_1646971,18934,0.2995141016161403,0.04470608603143385,0.5098981312350709,7.891576313594662
How to Train Your Dragon The Hidden World Trailer Thoughts_8542038,21440,0.2892257462686567,0.05602603823926942,0.5076450635802346,8.03929640718563
How to Train Your Dragon_0892769,19469,0.2822435666957728,0.017057609926137765,0.5226808311043237,6.821030640668524
Hudson Halls_0283738,21900,0.30534246575342466,0.04494365584632909,0.4833849195483223,9.100413223140496
Huge_1591511,17351,0.28130943461471963,0.02352889091572197,0.5175054958489149,6.008421052631579
Human Nature_0219822,18179,0.27663787887122504,0.05917788903477093,0.5369442862591459,6.976993865030675
Human Touch Babis Papadopoulos_2606376,12100,0.2949586776859504,0.11668700128037164,0.4857853223593962,5.227645788336933
Hurt Locker Cherie Year One_2135208,14471,0.287195079814802,0.0019719093186780635,0.3968046439221092,8.6230677764566
Hustle Flow_0410097,23173,0.24735683769904632,0.03632908701280584,0.5200727295893752,6.151090342679128
Hustlers_5503686,16696,0.27964781983708675,0.0424693838357395,0.4204758141378508,6.394516374714395
Hyde Park on Hudson_1477855,20431,0.22984680142920072,0.058209614190507866,0.46005596913546726,7.040233837689134
I Am Number Four_1464540,20505,0.2774445257254328,-0.0022766495986432755,0.4554528804528803,8.330625507717302
I Don t Feel at Home in This World Anymore_5710514,17743,0.359522065039734,-0.003653410327671034,0.4593630683261557,7.929140832595217
I Hope They Serve Beer in Hell_1220628,18280,0.2884026258205689,0.03355971889664037,0.5149461392594931,8.237646001796945
I Know What You Did Last Summer_0119345,22037,0.26255842446794025,-0.003916246259559819,0.46198083690052977,6.323085681753487
I Love You Man_1155056,20167,0.2588882828383002,0.16116711922614108,0.5300421372594474,7.167079646017699
I Love You Phillip Morris_1045772,19613,0.26722072095039007,0.1094066109021186,0.4883797823704081,7.7431048069345945
I Robot_0343818,18650,0.3018766756032172,0.025581629686900698,0.42582483400916954,4.7305
I Saw the Light_1490785,23089,0.2642816925808827,0.10295059606334114,0.4710514202573021,7.272409408773045
I Smile Back_3640682,18111,0.2512837502070565,0.05674186428650715,0.457306751170076,7.180665610142631
I Spit on Your Grave_1242432,18866,0.2483833351001802,0.008337506414751164,0.4408248684023333,8.227351916376307
I Still Know What You Did Last Summer_0130018,17434,0.2808305609728117,0.06913304396962035,0.48927464333848764,7.069243156199678
I Think I Love My Wife_0770772,16926,0.23206900626255464,0.0645129487839278,0.4723824143998971,6.4351259872132385
I Think We re Alone Now_6169694,14776,0.3278289117487818,0.018463685245194945,0.45108687173091616,5.898244213886672
I Tonya_5580036,15280,0.29201570680628275,0.029232721172290466,0.505839996484473,7.188732394366197
I Walked with a Zombie_0036027,19036,0.2447993275898298,0.0656050710788614,0.49419545769344086,10.516004415011038
I ll Do Anything_0110097,22424,0.26150552978951125,0.07996710513379973,0.520476658850656,7.657930565010211
I ll See You in My Dreams_3236120,17338,0.23503287576421733,0.09972850626076432,0.4686131674265311,6.134275618374558
I ll Stop the World and Melt with You_2213523,22302,0.2768361581920904,0.05176773571188467,0.4727155724496154,7.6726027397260275
I ve Loved You So Long_1068649,15039,0.27787751845202474,0.04097632184318386,0.45828940311231914,6.397621070518267
Identity Theft_1840923,18472,0.30326981377219575,0.06614541557997743,0.4910291807490088,5.776771776459569
Identity_0309698,21465,0.27877940833915676,-0.019493373784010674,0.4527656796097866,7.641389085754784
Idiocracy_0387808,20768,0.2845242681047766,0.01518526776297884,0.5063454457038232,8.035108024691358
Idle Hands_0138510,20140,0.28763654419066537,-0.00919598499928386,0.49978958927398537,8.648299612569952
If Beale Street Could Talk_7125860,21795,0.23427391603578804,0.07972642818890346,0.4729058153793949,9.655339805825243
If I Had a Hammer_0210742,14680,0.26410081743869207,0.12792249610494755,0.5025277268383116,7.693792383933229
In Bruges_0780536,18898,0.24992062652132502,-0.005956142129338768,0.509825029525576,7.597026918441141
In Good Company_0385267,15420,0.2900778210116732,0.12314491311553277,0.512855547032897,6.068119891008174
In Performance at the White House Thelonious Monk Institute of Jazz_1615849,23182,0.3270209645414546,0.03734574285947001,0.4344472249879908,8.008885850991113
In the Bedroom_0247425,22913,0.2691921616549557,0.07922603756787433,0.4476488934926923,8.096717260854218
In the Heat of the Night_0061811,21132,0.30356804845731594,0.022869151889085428,0.4561506742611397,12.9265605875153
In the Loop_1226774,21485,0.25380498021875725,0.06005185786435789,0.4930395840559043,6.662028447742734
In the Mouth of Madness_0113409,16899,0.3046925853600805,-0.003277904817931957,0.47847010783577915,7.980160604629193
In the Valley of Elah_0478134,19516,0.25625128100020494,0.05029234866715718,0.4363480304789646,8.323967645806727
Inception_1375666,24847,0.2490843965066205,0.03959528505599097,0.43019318132032675,7.801125703564728
Independence Day_0116629,23164,0.27119668451044726,0.03932358801398077,0.4641587584925591,8.024879060124395
Indiana Jones and the Kingdom of the Crystal Skull_0367882,29891,0.23709477769228196,0.04243739722508598,0.40860964228193347,10.392163661581137
Indiana Jones and the Last Crusade_0097576,19899,0.2782551887029499,0.03815494658554047,0.41898529340518287,8.657677250978686
Indiana Jones and the Monkey King Finale_12407576,30327,0.2783328387245689,0.028376974400444583,0.46627840352735705,6.134565173729665
Indiana Jones and the Raiders of the Lost Ark_6358934,27106,0.23721685235741163,0.03970729722183659,0.46032124065622804,10.523070957735557
Indiana Jones and the Temple of Doom_0087469,29942,0.21788791663883508,-0.03750343963475177,0.44702200456197594,13.09400961958898
Indiana Jones_5999108,30327,0.2783328387245689,0.028376974400444583,0.46627840352735705,6.134565173729665
Infamous_0420609,18040,0.2774944567627494,0.05239371118764089,0.45657650789040566,7.600925147182506
Infinitely Polar Bear_1969062,18463,0.26095434111466176,0.05858049253247105,0.5142425429847063,7.036149162861491
Inglourious Basterds_0361748,26508,0.26625924249283234,0.07062735391959035,0.3831368136348607,9.017591339648174
Ingrid Goes West_5962210,21640,0.2628465804066543,0.09100925379022558,0.4880277112435868,7.527430555555555
Inherent Vice_1791528,21995,0.28688338258695156,0.07066708076950878,0.45875737396981664,8.06065034709536
Innerspace_0093260,23585,0.28980284078863683,0.03535806982441975,0.4395865398098944,6.695997729208061
Inside Llewyn Davis_2042568,7566,0.380253766851705,0.06095722124199477,0.4138813148240136,7.764948453608247
Inside Man_0454848,24972,0.24543488707352235,0.07122264701029883,0.45045353146263656,7.328943517705589
Inside Out_2096673,16713,0.2877999162328726,0.2279927263443809,0.4440424409844287,5.469474371531178
Insidious Chapter 2_2226417,21159,0.23918899758967815,0.06028442073372954,0.42568077894114775,7.184547908232119
Insidious_7176504,19651,0.26426136074500023,0.016670724256756194,0.4646521102261283,7.312430837329399
Insomnia_0278504,22416,0.2718147751605996,0.004510176232471012,0.4315260723653836,5.175482980680773
Intelligence Pilot Episode Review_12487302,11097,0.33008921330089214,0.07299639027557951,0.45580588257967225,8.431283219438116
Interstellar_0816692,32144,0.20513937282229966,0.05555858298584181,0.43362361307231156,8.489041457618168
Interview with the Vampire The Vampire Chronicles_0110148,20783,0.2410142905259106,0.0652191044532441,0.49928957822931086,7.26993006993007
Into the Wild_0758758,23970,0.2677930746766792,0.04492983016780539,0.44878937072485425,9.64861612515042
Into the Woods_2180411,16923,0.2423920108727767,0.0767520205634178,0.47042407441928985,8.454590818363274
Intolerable Cruelty_0138524,14901,0.31333467552513256,0.10239500107049421,0.542203306032637,6.492387994780339
Invaders from Mars_0091276,16751,0.24165721449465705,0.05051336412550604,0.45079318983485656,9.298507462686567
Inventing the Abbotts_0119381,19951,0.23888526890882664,0.03646800769329018,0.5018261916990733,7.9078322784810124
Invictus_1057500,25058,0.26370819698299947,0.0347109063396809,0.4400658774745854,8.928239914316316
Iron Man_0371746,24547,0.2829673687212287,0.04413394394611448,0.48997111461083276,7.848137535816619
Ishtar_0093278,15336,0.4031038080333855,0.07494365396216761,0.4711860863226413,9.71491504090623
Isle of the Dead_0037820,19311,0.22526021438558336,0.018189461893633845,0.46804881485981314,10.499457111834962
It Follows_3235888,22112,0.2334479015918958,-0.0035323532182608627,0.44050210016452007,7.830796460176991
It s Complicated_1230414,18434,0.2648367147661929,0.11786937748914936,0.4840656590276359,7.29251968503937
It s Kind of a Funny Story_0804497,17778,0.27770277871526605,0.10198678456026192,0.4744408550215914,6.666042680643954
It s a Wonderful Life_0038650,29328,0.21215220949263502,0.0671189301592534,0.4614189425401797,7.176973845025666
It_1396484,17803,0.2951188002022131,-0.0226360280919045,0.41863736066482465,10.304222093695778
Its A Wonderful Lifetime_12551106,29328,0.21215220949263502,0.0671189301592534,0.4614189425401797,7.176973845025666
J Edgar_1616195,24458,0.2880856979311473,0.06440821427519679,0.47508911480485816,8.092378752886836
JFK_0102138,50514,0.21734568634437978,0.037852202268217915,0.4297441829004326,10.094403505277834
Jack Goes Boating_1278379,14669,0.2869997954870816,0.11278500669842652,0.4809282814583451,5.566365007541478
Jackie Brown_0119396,30755,0.18149894326125834,0.031115310855068398,0.41963722732117364,7.999482401656315
Jackie_1619029,13762,0.3082400813835198,0.08317123609507593,0.48756515897608677,7.727731092436975
Jacob s Ladder_0099871,29531,0.2326707527682774,0.038243019080705314,0.4897443601295347,7.221215090641842
Jade_0113451,18643,0.4370004827549214,0.032915432996954715,0.4464902716714316,8.747309312119794
Jane Eyre_1229822,25138,0.2284589068342748,0.06827381477949661,0.4915773956683046,7.926229508196721
Janice Dickinson_6288616,6662,0.36145301711197836,0.06411556468146812,0.5304706619013548,6.544564152791381
Jarhead_0418763,22800,0.2786842105263158,0.019378318955076492,0.5051395487980864,7.770091556459817
Jason Goes to Hell The Final Friday_0107254,8017,0.3344143694648871,-0.0019713322551486775,0.4840523191247828,8.295384615384615
Jason Vs Freddy_13124010,24299,0.25544261080702907,0.009958761256053553,0.47740036010807474,8.515384615384615
Jason X_0211443,18327,0.2791509794292574,-0.005957867256695382,0.47023576273576295,6.369618480924046
Jaws 2_0077766,21246,0.293419937870658,0.07714582929175808,0.45704184619322236,7.721638274737224
Jaws 3 D_0085750,14361,0.2921105772578511,0.12525597802308944,0.5013490095762824,6.470058532192706
Jaws The Revenge_0093300,20872,0.24060942889996167,0.03202312076812076,0.4637093093573094,8.437449879711307
Jaws_0073195,25831,0.2905036583949518,0.03549876663121406,0.4474297790302465,9.884262796027501
Jay and Silent Bob Strike Back_0261392,22462,0.2776244323746772,-0.035371817651709214,0.4620575921068549,8.481620405101275
Jeepers Creepers_0263488,20445,0.2553191489361702,-0.020645879439784652,0.4275199838790233,6.867360644728006
Jeffrey Archer The Truth_0343861,23400,0.280982905982906,0.07261142595617488,0.47460044867056994,7.793481875623545
Jennifer 8_0104549,33037,0.2319520537579078,0.03672022988349519,0.4308893544097621,7.6942090395480225
Jennifer s Body_1131734,20368,0.30248428908091124,0.009245480837559024,0.49339583256249886,7.270202919188323
Jerry Maguire_0116695,24279,0.27212817661353433,0.10292462521649784,0.4703313675052802,7.6171875
Jesse James Legend Outlaw Terrorist_0785015,28212,0.26782929249964554,0.050006537236564945,0.46554877970437747,10.359266055045872
Jimmy and Judy_0425151,22989,0.21401539866892863,0.03128432955652463,0.5309693555919971,8.047219307450158
Joe Versus the Volcano_0099892,21729,0.23374292420267845,0.09790585003345419,0.4851726934331102,6.939113802996493
John Carter_0401729,28342,0.3045656622680121,0.03084731277288649,0.46267273029350353,8.834001851280469
John Q_0251160,12453,0.2923793463422468,0.07863311782436863,0.4810454908091726,4.771851851851852
John Tucker Must Die_0455967,21794,0.21496742222630083,0.12044425400793414,0.5008524749949557,7.911264034770011
John Wick_2911666,13016,0.3175322679778734,-0.004395607987229238,0.4205619153779912,11.787330316742082
Johnny Mnemonic_0113481,23676,0.36568677141409023,-0.0007234407849522189,0.4446312167621485,8.811377245508982
Jojo Rabbit_2584384,17133,0.27735948170197866,0.09375135373653087,0.4989923254655399,7.598847517730497
Joker_7286456,21846,0.24581159022246635,0.03244050906479884,0.4397338026331535,9.219039595619208
Jonah A VeggieTales Movie_0298388,15717,0.29369472545651204,0.0648500014057718,0.47914737815947467,7.188041989958923
Jorge Alberto vs The Neoliberal Demons_4203196,15780,0.2840937896070976,0.006772394712095415,0.47571667847019955,7.0004432624113475
Joy_2446980,25282,0.24013131872478444,0.25709801013262834,0.4240425270770073,6.060961032751614
Judge Dredd_0113492,21502,0.32420239977676496,0.03940504241589234,0.4836697379373695,7.552484254723583
Julia_0076245,25045,0.2798163306049112,0.04473372839749485,0.4925245900904886,6.924841116330478
Julieta_4326444,24947,0.21645889285284803,0.050992688410518336,0.45424763755907466,7.0631013016412
Jumanji_0113497,21751,0.2883545584111075,0.0108547785074774,0.46416474752333386,7.107967479674797
Juno_0467406,16424,0.30437165124208476,0.09845031514233828,0.5529180379399674,7.535256410256411
Jurassic Park III_0163025,17274,0.28956813708463586,0.056055559638567426,0.47324917096792046,8.661322645290582
Jurassic World_0369610,21335,0.321677993906726,0.023806929947624386,0.42501893217893144,15.123229461756374
Just Mercy_4916630,30373,0.21081223455042308,0.05818920261286344,0.4479607555143272,10.276351351351352
Just One Look Part 1_1190257,11357,0.4309236594170996,0.04535775053184753,0.5135349660425303,6.94313369630974
K PAX_0272152,29356,0.2609347322523505,0.04357943513878957,0.4734001479243063,7.682661717921527
K2_0102178,18902,0.2871124748703841,0.04935699929601673,0.44650636802078375,10.888374783111626
Kafka_0102181,144,0.7430555555555556,0.07764756944444444,0.4423611111111111,6.9523809523809526
Kalifornia_0107302,23604,0.24165395695644806,0.042933461110611144,0.43403528558733123,7.815145502645502
Kate Leopold_0035423,18500,0.2934054054054054,0.0405058412900613,0.5099887047449028,6.481274063703185
Kick Ass_1250777,21850,0.28723112128146455,0.06717728138040645,0.47804620604620607,7.333668678739102
Kids in the Hall_3360652,11826,0.3126162692372738,0.13091842858377428,0.4691608137770932,6.133886870783601
Kids_0113540,10002,0.2560487902419516,0.015461936936302469,0.47537009165458594,6.537254901960784
Kill Bill Vol 1_0266697,40845,0.22499693964989595,0.014202903107882777,0.41512116647279323,8.61805841217606
Kill Bill Vol 2_0378194,40845,0.22499693964989595,0.014202903107882777,0.41512116647279323,8.61805841217606
Kill Bill Volumen 1_7316868,40470,0.22263404991351618,0.022542036596155363,0.40353260865713014,9.46453247351451
Kill Your Darlings_1311071,14779,0.3048920765951688,0.06059926119724053,0.4630155788238499,6.408777969018933
Killer Klowns from Outer Space_0095444,21338,0.27875152310432094,0.05378619033271011,0.4834112738587166,7.8005115089514065
Killing Pablo_1719391,14914,0.3473246613919807,0.036564596026401566,0.4607676233231789,10.768736616702355
Killing Zoe_0110265,16431,0.21873288296512688,0.06742580933888714,0.42844159886176736,7.306684141546527
Kim Cattrall Sexual Intelligence_0490603,13881,0.29644838268136303,0.07769830892183777,0.4987177893737113,5.994040017028523
Kin_6017942,25601,0.2862778797703215,0.033004278948642114,0.48350062984030695,7.94106699751861
King Kong_0024216,17337,0.2457749322258753,0.05022203022440991,0.465663539502824,7.736092567868269
King Kong_0360717,27439,0.2567513393345239,0.030536694810412508,0.4821110516923317,8.498238872878643
Kingdom of Heaven_0320661,25892,0.3101344044492507,0.04725500419972532,0.4375922465464305,8.50212487741092
Kingsman The Secret Service_2802144,26734,0.2956534749756864,0.06153667435744027,0.4920576212808359,7.336896929824562
Kingsman Theory of Everything Foxcatcher_4682196,18603,0.27796591947535343,0.12996396982250658,0.45781858934243447,7.797404771871076
Kiss Kiss Bang Bang_0061870,23089,0.34094157390965396,0.0042702822606315175,0.48938822397645876,5.598112751028308
Kiss of the Spider Woman_0089424,17020,0.2751468860164512,0.06836561524590433,0.4914081017712894,6.77071063996859
Klute_0067309,22848,0.24575455182072828,0.06856117789695199,0.456866318634101,10.41867881548975
Knight Moves_0104627,21176,0.22053267850396677,0.008877535170306124,0.457317661241712,7.420223932820154
Knight and Day_1013743,17524,0.27642090846838624,0.07380554611693499,0.47377804095546044,7.137214983713355
Knives Out_8946378,22342,0.24250290931877183,0.03393117891967307,0.42984498483025735,8.048166786484543
Knocked Up_0478311,22031,0.20707185329762606,0.15392765688715532,0.5378231369020839,5.5092131474103585
Kramer vs Kramer_0079417,22868,0.22231939828581423,0.07653781411541483,0.483885414361924,8.786646201074443
Krampus The Christmas Devil_2578608,2066,0.574540174249758,0.003746872680696208,0.47900965229396597,6.413897280966768
Krull_0085811,18447,0.2500677616956687,0.035799210045646936,0.44756143317391417,9.744568097509275
Kubo and the Two Strings_4302938,19169,0.26866294538056235,0.03908040670454613,0.4382199363261786,9.234728234728236
Kundun_0119485,20555,0.2544393091705181,0.08220243491925777,0.47641091572809646,8.797181895815543
Kung Fu Panda_0441773,13330,0.2870967741935484,0.03941019065424843,0.498262090003526,6.342342342342342
L A Confidential_0119488,23334,0.2723493614468158,0.025770114111720623,0.42998325881899896,6.587689713322091
L oeuvre au noir_0095773,28698,0.2715868701651683,0.01830091604940172,0.4647723446401858,8.002508361204013
La La Land_3783958,16795,0.2958618636498958,0.06554581471583079,0.46952789261470956,6.847843775427177
Labor Day_1967545,23008,0.24960883171070933,0.08549930974644554,0.4211518096378977,7.479518855656697
Labor of Love IMDb_1677731,24168,0.25202747434624295,0.05659179101380424,0.45205444178895504,7.897193211488251
Lady Antebellum Lookin for a Good Time_10871176,20880,0.25225095785440615,0.1191688030611946,0.5093318116387974,6.5494367959949935
Lady Bird_4925292,15732,0.28140096618357485,0.11051261405230439,0.5260825930022351,6.49979398434281
Lake Placid_0139414,13259,0.3007014103627725,0.05606376762927243,0.47735577990385747,6.723178137651822
Land of Mine_3841424,18430,0.19424850786760717,0.058640312146225435,0.45035520457136513,6.089344804765056
Land of the Dead_0418819,13198,0.3383846037278376,-0.013153859854174617,0.4204449151967138,7.359288097886541
Larry Crowne_1583420,17501,0.31866750471401634,0.08084974188160415,0.45088412439349396,6.02880658436214
Lars and the Real Girl_0805564,15546,0.2870834941464042,0.087312021005024,0.511630257009819,6.578369243768483
Las calles sin nombre_3174956,21210,0.26166902404526166,-0.006754906464611828,0.45012555564981893,8.62591389114541
Last Action Hero_0107362,22208,0.296649855907781,-0.0024550477701268583,0.44937836082609117,8.837837837837839
Last Chance U_5863126,3289,0.42170872605655213,-0.03239991533135191,0.45019576091404484,5.403940886699507
Last Flag Flying_6018306,16197,0.26937087114897823,0.015655413940247657,0.5006138904418715,7.0799475753604195
Last Kiss_0764576,19941,0.2697958978988015,0.1152414959767902,0.5084772961243551,7.733617681271811
Last Tangle in Paris_2250606,15596,0.2871249038214927,0.0307287052417866,0.4871089973764391,5.586194563662374
Last Time Forever_0479942,11929,0.26280492916422166,0.12332444206919752,0.44000308432825874,7.0519480519480515
Law Abiding Citizen_1197624,23800,0.30142857142857143,-0.01108280709186163,0.4692463420689232,7.441514117282035
Lawrence of Arabia_0056172,56773,0.224560970884047,0.03735613219999828,0.48158701212936017,8.952508677816345
Learning to Drive_3062976,17003,0.31906134211609716,0.060017671496973395,0.4439749828994959,7.9221140472878995
Leaving Las Vegas_0113627,18764,0.21855681091451715,0.09656705874418059,0.4686287980845174,8.154580981328701
Lee Daniels The Butler_1327773,24460,0.25147179067865905,0.0660560029383751,0.4478803139484661,9.696611505122144
Legally Blonde_0250494,18877,0.2806590030195476,0.07610719927649819,0.4730362122041629,7.877721943048576
Legend_0089469,29483,0.27120713631584303,0.04594598702696334,0.5037752110014883,8.949620637329287
Legion_1038686,19771,0.27413889029386473,-0.0034736101497182086,0.48545634939061233,7.853349187475228
Legionnaire_0126388,15284,0.3107825176655326,0.04431901742939755,0.46276487753095974,9.170542635658915
Lena Waithe on the Thanksgiving Episode of Master of None_13527222,5828,0.33493479752916955,0.08417815043069615,0.4951802723187655,6.424642464246425
Les Mis rables_1707386,26372,0.22084028515091764,0.042451596459987265,0.4584729524419856,10.162172573189522
Let Me In_1228987,21535,0.2789412584165312,-0.018415581883953848,0.47804072271814163,9.449452954048141
Lethal Weapon 4_0122151,21809,0.2756660094456417,0.04227411618787168,0.4336286602771319,5.650232318017553
Lethal Weapon_0093409,22245,0.2917060013486177,0.06792881432184915,0.4539415416902977,7.488539172083476
Letters from Iwo Jima_0498380,19700,0.26908629441624365,0.053389329675032716,0.4618941340652979,7.462121212121212
Letters to Juliet_0892318,19540,0.2436028659160696,0.11696209692090788,0.48586006917310604,6.97114356964731
Leviathan_0097737,14353,0.2966627185954156,-0.005927448741661999,0.46679352932642426,8.057745696835092
Liar Liar_0119528,16352,0.3112157534246575,0.11306939594005326,0.5211723741567253,6.403640680648991
Liberty s Triumph_1486791,19977,0.2979426340291335,0.054090413336881124,0.4809467956602961,6.111818181818182
License to Drive_0095519,20881,0.28020688664335996,0.05770762381081243,0.48881272745112014,7.268817204301075
Life Is Beautiful_0118799,8688,0.3302255985267035,0.05019850495573761,0.41644909380260947,8.077705827937095
Life Itself_5989218,18715,0.27111942292278923,0.07882773786532843,0.48358009207646835,7.613571718813491
Life as a House_0264796,23875,0.21151832460732983,0.010932508756970492,0.4710761810402959,8.403927068723704
Life of Pi_0454876,15440,0.29397668393782384,0.06512132975175891,0.4518788183056668,10.235799207397623
Life on Liberty Street_0399281,19977,0.2979426340291335,0.054090413336881124,0.4809467956602961,6.111818181818182
Life_0123964,24282,0.25059715015237627,0.03883061128380517,0.45922297803355067,8.13010033444816
Lights Out_4786282,19095,0.2759884786593349,0.029609045797399366,0.42310292093676016,7.311281070745698
Limbo_0164085,18792,0.280970625798212,0.07251049817690201,0.4521030896898402,11.313855421686746
Limitless_1219289,20090,0.29810851169736186,0.06940968644781152,0.4893886243386243,7.107104984093319
Lincoln_0443272,23872,0.30286528150134046,0.0384019526404395,0.4713417128680286,8.92841163310962
Lion_3741834,22959,0.2864671806263339,0.023729301200398005,0.486235722448336,7.961818812912183
Little Athens_0417907,22843,0.2342074158385501,-0.039655558933523176,0.43073818432366134,8.054987663024322
Little Black Book_9109336,18092,0.2640946274596507,0.06930296634417939,0.4911319145689286,7.762005054759899
Little Children_0404203,24461,0.295368137034463,0.038568650363546064,0.47562020195403243,8.74820916905444
Little Men_4919484,18266,0.22774553815832696,0.10771886545424933,0.45181101060584555,7.421735604217356
Little Miss Sunshine_0449059,19472,0.27341824157764993,0.04395439550526891,0.46480453342953254,6.180120291231402
Little Monsters_0097758,19879,0.2904572664620957,0.026077827633225362,0.440464166064815,8.096029173419772
Little Nicky_0185431,16212,0.28275351591413767,0.03566983225742203,0.5026854886482823,6.951302862024776
Little Shop of Horrors_0091419,27572,0.322392282025243,0.04031367979994709,0.4870262468881451,8.913501436323013
Little Women_3281548,22186,0.24889569999098532,0.10294374659160387,0.5080773799790306,7.256284688214169
Live Free or Die Hard_0337978,18010,0.38367573570238755,0.025762059086884767,0.4592319754172348,7.454810495626822
Living in Oblivion_0113677,15698,0.2330870174544528,0.10432587175965956,0.491299974323024,6.838190517616355
Lock Stock and Two Smoking Barrels_0120735,16390,0.262843197071385,0.028788841828236766,0.5091477032866657,9.741317365269461
Locke_2692904,13376,0.21673145933014354,0.02119785564973699,0.45530649162704184,6.626237623762377
Logan s Run_0074812,14023,0.3143407259502246,0.06099436580020901,0.4951613651798559,9.018273471959672
Logan_3315342,20315,0.29067191730248587,0.0025382425853454965,0.42925930723337546,11.15743280307186
London After Midnight_0018097,12580,0.2259141494435612,0.0013797526123630777,0.41140793331055225,12.768844221105528
London Fields Are Blue_0418838,32553,0.2432648296623967,0.056035301998802384,0.4487812535237258,6.958988525286868
Lone Star_0116905,21291,0.2763139354656897,0.01557616306617446,0.4132515784570576,11.086144265697977
Lone Survivor_1091191,19713,0.2748440115659717,-0.0018208043279522561,0.4606636407248405,5.980326876513317
Long Way Down_2207528,19294,0.24183684046853945,0.046724739281489985,0.49379983526200116,6.089336269267065
Looney Tunes Back in Action_0318155,21541,0.30518546028503785,0.017567276822520718,0.4607107160230401,7.535490605427975
Looper_1276104,23993,0.23798607927312132,-0.003807840078931193,0.3977795095792835,7.593483074976273
Looter_0436517,20103,0.23125901606725363,0.009621733821733827,0.38432307692307704,7.263728323699422
Lord of Illusions_0113690,18108,0.2855091672189088,-0.005156575377383755,0.4729937095505962,6.6175720014582575
Lord of War_0399295,23548,0.2956514353660608,0.044078847332658336,0.435586567001201,8.041865214431587
Lost Highway_0116922,20960,0.22743320610687023,0.01766339362838054,0.41950783955234244,8.086033950617283
Lost Horizon_0029162,25418,0.2305452828704068,0.06595356851355523,0.440743742431907,7.616937914406269
Lost Souls_0160484,22156,0.2926521032677379,0.021668521130138004,0.45207388625866857,8.162568807339449
Lost in America_0089504,20073,0.20181338115877048,0.18260328682213245,0.5142900825603177,6.553420195439739
Lost in Space_0120738,17461,0.2750128858599164,0.05129378222982873,0.4834099690146198,7.693527080581242
Lost in Translation_0335266,11103,0.2953255876790057,0.0781060077488649,0.4311719321243131,8.550191570881227
Lost_0411008,18841,0.27360543495568174,0.06379283047921738,0.4995081574830915,9.198048780487804
Love Actually_0314331,20340,0.28820058997050146,0.08921671930073566,0.5428604546637331,7.486218302094818
Love Basketball_0199725,18929,0.24401711659358655,0.03484571698671535,0.43942078764475345,7.013668267454747
Love Bones_2419232,25480,0.2914442700156986,0.014386016800467926,0.44355175908747385,8.115510471204189
Love Me_3249478,768,0.5,0.06405030938929243,0.4446058649448479,6.284552845528455
Love_4061080,18767,0.23647892577396493,0.05917807414807419,0.370426150294151,7.834721065778518
Loveless_6304162,13727,0.2999927150870547,0.05292476540103127,0.4403970626966406,7.721191680719505
Lucy in the Sky_4682804,19057,0.3062391772052264,0.10806721294622278,0.45011948187833156,6.5788202828561575
Lucy_2872732,16566,0.30961004466980563,0.04762336531878573,0.43476698217375054,8.177021696252465
Luke and Brie Are on a First Date_1106815,12551,0.2685841765596367,0.09762368940751213,0.48359365547016886,6.112895377128954
MASH_0066026,22032,0.25812454611474217,0.08495231331782996,0.47658097017870477,9.844265952699688
MacGruber_1470023,15717,0.2778520073805434,0.0103258081880241,0.4954651382440637,6.883639545056868
Macbeth_10095582,21073,0.28567361078156883,0.020235561836271447,0.45301070997577547,10.063007159904535
Machete_0985694,13174,0.3234401093062092,0.016363829735973903,0.4558216675923184,6.8264462809917354
Machine Gun Preacher_1586752,25686,0.2328116483687612,-0.005421560855940713,0.45503167962216373,9.677224736048265
Mad Max 2 The Road Warrior_0082694,14513,0.2687934954868049,0.004286813321647276,0.3654392171289407,7.332997481108312
Made for Each Other_0031602,23474,0.23421658004600834,0.09660122439001477,0.48015369879797765,9.791336942940442
Made in Dagenham_1371155,24947,0.26985208642321723,0.03075919014268712,0.4436910047823942,7.304147465437788
Made_0227005,15905,0.2811065702609242,0.03130565309749861,0.5098563965838654,6.3967871485943775
Maggie s Plan_3471098,17426,0.2805577872145071,0.11022388271418908,0.5118888565527218,6.841692789968652
Magnolia_0175880,34526,0.22052945606209812,0.017536064959249385,0.46717034168500676,9.138752265078955
Major League_0097815,22597,0.24397043855379033,0.05108227726152254,0.44251537246820283,8.874509803921569
Makebelieve_0305793,19865,0.3118550213944123,-0.0021358695652173906,0.46590199615199646,7.348017621145375
Malcolm X_0104797,26968,0.24781222189261345,0.05634071587735376,0.4419513057982887,9.263627014055537
Maleficent_3264268,17324,0.24826829831447703,0.020503406392459837,0.4704064262638784,6.31536780772032
Malibu s Most Wanted_0328099,15638,0.3146182376262949,0.024996941703874166,0.4568421006602823,7.073104693140794
Malicious_6197494,19187,0.22525668421326941,0.0005316820614785691,0.5252542773763704,7.319619047619048
Mallrats_0113749,18353,0.3442488966381518,-0.0024045178840322676,0.476378728069069,6.694096601073345
Man Overboard_1186829,16301,0.22685724802159377,0.19671506137865916,0.4416480517436602,5.798063623789765
Man Trouble_0104804,23470,0.24013634426927993,0.02259230706771926,0.4588871017360281,11.382680212868893
Man on Fire_0328107,23440,0.2545221843003413,0.04438704158897901,0.43164618830416157,6.595171252105558
Man on the Moon_0125664,23034,0.30142398193974124,0.03676112391712071,0.528574827548816,6.153416644509439
Manchester by the Sea_4034228,19274,0.24898827435924042,0.035314292714932825,0.5139157740070152,5.550903355319759
Mandingo_0073349,22197,0.3281975041672298,0.055385633479243995,0.5096386054421769,8.556155924353531
Manhunter_0091474,23723,0.2685157863676601,0.05289695401217136,0.45030228370663183,6.6597533632287
Maniacs_4626904,16293,0.3425397409930645,0.0909547269416851,0.4779408416404382,7.709219858156028
Margaret Thatcher The Iron Lady_2609790,17104,0.30460710944808234,0.0672911177193233,0.45271223254910575,8.187977099236642
Margaret_0466893,34325,0.18310269482884195,0.061062725554887114,0.47542434552740365,8.030980666200792
Margin Call_1615147,17728,0.19912003610108303,-0.01490776224382781,0.4583008411594475,8.59119496855346
Margot at the Wedding_0757361,16930,0.2401063201417602,0.026748480392214193,0.5053804356393115,6.632071790870074
Maria Full of Grace_0390221,18219,0.24062791591196003,0.016895920819451928,0.43189259281425163,7.804450149764656
Mariachi El Bronx_5716702,12156,0.24012833168805528,-0.0613931986687129,0.40548190245447596,9.47971918876755
Mark Felt The Man Who Brought Down the White House_5175450,21906,0.28366657536747925,0.08312679772395419,0.4401207529525063,6.888819095477387
Marley Me_0822832,22550,0.24483370288248338,0.09653201497694984,0.4782646164637374,8.007798652959943
Marriage Story_7653254,25269,0.23542680755075387,0.10896367913969467,0.4958728141218155,7.784596501994477
Martha Marcy May Marlene_1441326,11629,0.23596181958895865,0.07181712795120049,0.48855002785446283,6.297238765565782
Marty_0048356,19190,0.23298593017196456,0.05131484613092924,0.4572875010411289,8.758997722095671
Martyrs_1663655,16060,0.25049813200498133,-0.034360472815642445,0.45367416822990325,5.76316732353995
Mary Poppins Returns_5028340,21190,0.2519584709768759,0.10366390330267776,0.5348400529172642,8.880753138075313
Mary Queen of Scots_2328900,24907,0.26137230497450514,0.04283957255896034,0.439445789943239,8.594083247334021
Mary Rose_0417952,22527,0.2792204909663959,0.09023256877051535,0.5701938884528158,8.12375533428165
Master and Commander The Far Side of the World_0311113,21704,0.29321784002948764,0.020898041670009516,0.44900888806829437,9.881525192918748
Match Point_0416320,16302,0.25248435774751565,0.15492731138216861,0.5306324740681111,6.030525928650239
Matchstick Men_0325805,19274,0.2747743073570613,0.06336952371790892,0.47930001639331743,6.687326869806094
Maudie_3721954,21091,0.22336541652837702,0.04751167817931941,0.47206018575972,7.675272727272727
Maverick Trading Mom The Return of Jafar Widows Peak Even Cowgirls Get the Blues_1949376,17619,0.3259549350133379,0.07865299997711254,0.48956349206349253,10.834766584766585
Maverick_0110478,26374,0.2287100932736786,0.04861569488308016,0.47818527323395094,8.522441072005167
Max Payne_0467197,21408,0.2854073243647235,-0.008480843383106756,0.4697092695446599,11.130254281266216
McCabe Mrs Miller_0067411,29426,0.242132807721063,0.024762100332498146,0.4542246512371311,11.416892677256877
Me and Earl and the Dying Girl_2582496,18538,0.2803970223325062,0.008618251886085431,0.5121727454257184,7.077743902439025
Mean Girls_0377092,21602,0.28691787797426166,0.07354864215754899,0.47929816503160305,6.090499013250635
Mean Streets_0070379,17903,0.2675529240909345,0.01758642991178386,0.4457807782546977,7.322670931627349
Meet Joe Black_0119643,27534,0.22601147671969202,0.10569305960925725,0.5174713114697592,9.046900623155134
Megamind_1001526,21983,0.25228585725333214,0.06220103811634938,0.5052570953924987,9.286193873268989
Melvin and Howard_0081150,17072,0.29475164011246485,0.0669507540419272,0.4286012378158974,8.37109375
Memento Mori_0266075,26654,0.21047497561341638,-0.009433228179831443,0.44883409666018353,8.706207344816379
Memoirs of a Geisha_0397535,23703,0.3087794793907944,0.010562580909593014,0.44131473040323294,9.298204527712725
Memphis Belle_0100133,23954,0.23728813559322035,0.05140681300831794,0.4397629142253588,7.615482233502538
Men in Black 3_1409024,17601,0.2974830975512755,0.0676843685932866,0.4864098267447709,8.36734693877551
Men in Black_0119654,21094,0.29079359059448184,0.05901967101960814,0.44200801172315957,9.363555948695268
Metro_0119664,24309,0.25040108601752437,0.04525362777483953,0.4584620173297122,7.199467298017165
Metropolis_0017136,17959,0.2398797260426527,0.029071536000763957,0.4341764175367113,8.355813953488372
Miami Vice_0430357,18511,0.32937172492031763,0.022050290974316194,0.41464761996413374,6.575149595212953
Michael Clayton_0465538,23465,0.2746643937779672,0.03976620146023131,0.4644464420322628,7.663417803768681
Mid90s_5613484,22971,0.2289843715989726,-0.0019600726807132473,0.517570387303484,7.604958677685951
Midnight Cowboy_0064665,20479,0.29796376776209776,0.08572965821889654,0.45570124136349255,10.479670612454967
Midnight Express_0077928,21662,0.3105899732250023,-0.0052633790518526605,0.43959163847040816,8.47854914196568
Midnight in Paris_1605783,13039,0.2670450187897845,0.16876471529024453,0.5463569245200635,9.350537634408601
Midsommar_8772262,29649,0.2867887618469426,0.03814669588964565,0.46427454862211,7.5924509053812805
Midway_6924650,31618,0.22319564804857991,0.10136090032428322,0.4500193911966773,9.560290117860381
Mighty Joe Young_0120751,24527,0.24890936518938314,0.052060060830141204,0.46792251739038904,8.239516940623952
Mighty Morphin Power Rangers The Movie_0113820,15138,0.32448143744219843,0.09361100265413473,0.5278964416417947,8.642531356898518
Mighty Morphin Power Rangers_0183515,15138,0.32448143744219843,0.09361100265413473,0.5278964416417947,8.642531356898518
Miles Ahead_0790770,19927,0.295327947006574,0.036229462361537894,0.4761542340098217,9.12779552715655
Milk_1013753,20008,0.2929828068772491,0.10837974023418107,0.4721267431399,7.900354470263883
Million Dollar Baby_0405159,20063,0.25514628918905446,0.07833120866085001,0.40550545133878385,7.5050279329608935
Millionaire Slumdog_1400356,23232,0.2586518595041322,0.04085896690115445,0.42749051226551216,6.220796578454959
Mimic_0119675,19154,0.32233476036337055,0.037654090960868615,0.4441299709062871,7.404780262143408
Mind Games_0300500,19287,0.2680562036604967,0.09578153359270565,0.520075389671707,7.708250298923874
Mini s First Time_0425253,20666,0.2741701345204684,0.05168755205041362,0.47672901287570735,9.342613381230354
Minority Report_0181689,23691,0.2372208855683593,0.025143565264636483,0.4608995519370155,8.556279406442274
Mirrors_0790686,21114,0.24921852799090652,0.03230727033669316,0.44369635029305166,10.178881388621022
Miss Sloane_4540710,28053,0.2903076319823192,0.07358612811199017,0.4546682344634927,9.155526573198566
Missing_0084335,26723,0.33312128129326796,0.013329600395210927,0.4659523085796233,7.857605177993528
Mission Impossible II_0120755,20532,0.2854081433859342,0.04444001583812013,0.47996158133598904,9.461961503208066
Mission Impossible_0117060,20536,0.28608297623685236,0.04555286525874763,0.47818249935897,9.465414567109482
Mission to Mars_0183523,26063,0.2762153244062464,0.06924902477821883,0.4984789994362361,8.691872085276483
Mississippi Grind_2349144,18325,0.2786357435197817,0.08280150486040397,0.4280543964494586,6.624098124098124
Mistress America_2872462,16580,0.25566948130277445,0.09283584222022534,0.5195909490132729,6.830800821355236
Mo gui tian shi_0320109,21064,0.2325769084694265,-0.005688909429064927,0.42664253759164944,5.928911279037224
Moby Dick_0049513,35363,0.25229759918558947,0.03797142670484182,0.48173613598141873,8.24345610377577
Moebius Redux A Life in Pictures_1029340,22004,0.2736775131794219,0.017744563684724324,0.4111733046794969,10.7666015625
Molly s Game_4209788,34478,0.21726898311967052,0.04822958132591168,0.4065884374714651,9.55724557522124
Mon Love Sib Meun_4876734,20333,0.264299414744504,0.08387302365677524,0.518406250039668,7.356910862504511
Moneyball_1210166,26645,0.22206793019328205,0.1215913794173159,0.49456765033394706,7.172311827956989
Monkeybone_0166276,22492,0.31998043748888494,0.03430191483553654,0.4598067412911166,8.789473684210526
Monster s Ball_0285742,14939,0.3279335966262802,0.0022689242332099655,0.3958670946170951,6.030932030932031
Monster_0340855,24815,0.2563771912149909,-0.007130191310581725,0.5182409039831916,6.321110262286733
Monsters Inc_0198781,19699,0.28864409360881266,0.08033020933511793,0.48815034498938026,6.308578745198464
Monsters University_1453405,22366,0.2552982205132791,0.10051233702869343,0.4794397042944756,7.074866310160428
Monte Carlo_1067774,23394,0.2574164315636488,0.06179826718145174,0.480008824068348,9.136062378167642
Monty Python and the Holy Grail_0071853,19517,0.2729415381462315,0.0718876221654014,0.4726539957426382,7.665730337078652
Monty Roberts A Real Horse Whisperer_1477465,34666,0.2070039808457855,0.08865242953873996,0.4842426930843468,8.320383693045564
Moon_1182345,17307,0.2569480557000058,0.03439078789656871,0.46802106591650805,8.845644421803362
Moonlight_4975722,19139,0.27571973457338417,-0.0067790345463917545,0.43930178040200407,9.548081714000997
Moonrise Kingdom_1748122,22791,0.25202930981527794,0.014033927427054324,0.4556074720009767,7.422113821138211
Moonstruck_0093565,18011,0.24429515296207874,0.06850370635159542,0.4358381974905149,6.894797245600612
Motherless Brooklyn_0385887,29011,0.27506807762572816,0.013449846443267507,0.45607823620981586,8.071663019693654
Moulin Rouge_0203009,21051,0.31703957056671894,0.06744415953099649,0.43508871285391376,7.493180186647523
Mr Blandings Builds His Dream House_0040613,22824,0.2610410094637224,0.0940178608506359,0.4634279905624776,9.114206128133704
Mr Brooks_0780571,24346,0.21412141624907582,0.042215093980973714,0.4672482353209774,8.175285426460713
Mr Deeds Goes to Town_0027996,28068,0.22719823286304688,0.12343569406031918,0.49697546702972417,6.84902876813376
Mr Destiny_0100201,22807,0.26535712719779014,0.1033066417016778,0.49447703357815664,6.657733760559277
Mr Holland s Opus_0113862,21579,0.27860419852634505,0.07140769663206308,0.45597107408237236,6.448668063454056
Mr Mark Fenton_1282592,21906,0.28366657536747925,0.08312679772395419,0.4401207529525063,6.888819095477387
Mr Mrs Smith_0356910,21696,0.3293694690265487,0.06595608218516678,0.44814811865008713,5.762998152546846
Mr Nobody_0485947,29483,0.22236543092629651,0.02852078046769098,0.40528255414619085,7.117236398651902
Mr Right_2091935,19723,0.25219287126704865,0.029274253965655524,0.48870415005829015,9.260037348272643
Mr and Mrs Smith Of Course You Are_0804059,21641,0.3291899634952174,0.06563087965138356,0.45087964992115187,5.655064935064935
Mrs Brown_0119280,15698,0.2799082685692445,0.027167865526100024,0.4599961542917748,8.924786324786325
Mrs Winterbourne_0117104,24863,0.24381611229537867,0.03876259367271534,0.4634869874471641,8.312059119919383
Mud_1935179,26490,0.20539826349565873,0.020045307037681453,0.38948935700131854,7.4628587507034325
Mudbound_2396589,23279,0.2664633360539542,0.09919602152090184,0.46453582170517643,7.673032597958512
Mulholland Dr_1619856,20287,0.21826785626263123,0.04016440731969982,0.4271834131513797,8.461506276150628
Mumbai Diaries_1433810,18509,0.3074180128586093,0.09360244669324468,0.4701073727557741,7.702534275031159
Mumford_0140397,23827,0.26776346161917153,0.06304217772967786,0.507133023092325,8.318926455210875
Munich_0408306,31314,0.2610014689915054,0.04082339595270629,0.48554858205104484,8.627202643171806
Murderland_1531804,8495,0.26839317245438493,-0.00376248830534545,0.41560030822352284,9.223669923995656
Music Lyrics Bridge to Terabithia Breach Black Snake Moan The Lives of Others_7200804,22211,0.2409616856512539,0.020639827151046907,0.4665265355463593,6.877777777777778
Music of the Heart_0166943,22533,0.24719300581369547,0.06082146875872897,0.46615668471581656,8.227190112686296
My Best Friend s Birthday_0359715,15466,0.2644510539247381,0.10783423877227723,0.5031342525944358,6.269639934533552
My Best Friend s Wedding_0119738,24296,0.2983207112281857,0.1077037941278594,0.5260768267561747,6.145579268292683
My Big Fat Greek Wedding 2_3760922,13677,0.3013818819916648,0.09035237287307604,0.4392856902356898,6.7936507936507935
My Cousin Vinny_0104952,20058,0.3026223950543424,0.02101326805030052,0.5056788412812032,7.569120961682946
My Friend Dahmer_2291540,17979,0.33672618054396797,0.039324436124746634,0.45618619572609803,6.262883008356546
My Mother Dreams the Satan s Disciples in New York_0177023,6097,0.37789076595046744,0.06314912287967135,0.48222755065229567,9.43146417445483
My Name Is Bruce_0489235,20233,0.3148322048139179,-0.00011801228988729048,0.44845202020201974,8.43189368770764
My Own Private Idaho_0102494,11217,0.2785058393509851,0.05268707980432064,0.45771007860171686,7.887017543859649
My Week with Marilyn_1655420,27410,0.22418825246260488,0.11449385752936687,0.5110167682628226,8.34569778048039
Mystery Men_0132347,20268,0.2906552200513124,0.08131617861650864,0.49882119909012285,8.456440183409754
Mystery of the Wax Museum_0024368,18849,0.2544962597485278,0.04864018434825695,0.49417772948700706,9.28529267092966
Mystic River_0327056,19556,0.2548067089384332,0.012983071455293652,0.42939520870076364,6.194813409234661
Naked Gun 33 1 3 The Final Insult_0110622,22248,0.3395810859403092,0.07143446768292826,0.45734702170662767,6.8913380937597015
Naked Planet_0441831,17371,0.3035518968395602,0.050553835253174056,0.42964098493015057,5.824690531950485
Nan quan wang_0110625,23707,0.2683173746150926,0.05289695401217136,0.45030228370663183,6.657134847210541
Napoleon and Samantha_0068990,28862,0.24769593236781928,0.08253368180994237,0.4878471299941887,11.754578754578755
Nashville_0073440,15405,0.25238558909444986,0.07459959889647384,0.4785134483571986,6.927835051546392
National Lampoon s Christmas Vacation_0097958,22212,0.2633711507293355,0.05745998072264542,0.4675738572245983,7.317627677100495
National Lampoon s Vacation_0085995,20486,0.2830713658107976,0.05055624169994529,0.46149277384465237,7.402095375722543
National Treasure_0368891,25925,0.27544840887174543,0.038453097470829194,0.46493282882327863,7.577616279069767
Near Dark_0093605,24515,0.23793595757699368,0.02311101016535798,0.43058465729117956,6.934653465346535
Nebraska_1804272,13698,0.26595123375675284,0.09484027903038328,0.4588062319624811,6.981160896130346
Necromancer_0095716,22030,0.30249659555152064,0.015380012427282735,0.45835856110157036,8.2475764354959
Necrophilia Americana_0758443,12717,0.3133600691987104,0.05957100618104836,0.5146375422711308,6.02027345591702
Network_0074958,3886,0.4289758106021616,0.030958709615589244,0.4567092984987723,11.236994219653178
Never Been Kissed_0151738,21878,0.26972300941585153,0.09870097119231583,0.48621023089317544,7.42552471225457
Never Let Me Go_1334260,17853,0.2457290091301182,0.047440312763299415,0.43600340049585035,7.936416184971098
Never Look Away_5311542,29210,0.24166381376241014,0.03496702219564063,0.4196247806774121,9.268145800316956
New Jack City_0102526,22423,0.34625161664362486,-0.022669361150620314,0.4529186050996905,14.818543046357616
New York Minute_0363282,16829,0.29502644245053183,0.004831110834231174,0.4849317610688699,7.5631460674157305
Newton_6484982,15054,0.34024179620034545,0.0244201562326562,0.39652941027226746,6.829632985953784
Next Friday_0195945,15143,0.23013933830812916,0.023605263061092455,0.43183142212397524,6.28848534874123
Next_0435705,22864,0.2660514345696291,0.02407147280746127,0.4717384530583285,7.427416747494342
Ni os Espectaculares_2585466,20930,0.24596273291925466,0.09722388636236684,0.4908299260652202,5.771915361363011
Nick of Time_0113972,17552,0.2580902461257976,0.033998492314834546,0.4390453367215662,6.503875968992248
Nickelodeon Arcade_0300828,18034,0.28218919818121324,-0.005152730564188907,0.4865954974809136,7.5292652552926524
Night at the Museum Battle of the Smithsonian_1078912,24559,0.3096624455393135,0.09883729680462638,0.47473399580217757,8.519903080650744
Night at the Museum_0477347,24559,0.3096624455393135,0.09883729680462638,0.47473399580217757,8.519903080650744
Night of the Living Dead_0063350,24332,0.2113266480355088,0.006647935887641761,0.42436061544664466,9.931034482758621
NightMan_0128886,28342,0.24977065838684637,0.03745399762858902,0.4284638293850776,8.346153846153847
Nightbreed_0100260,23400,0.2621794871794872,0.03578551559368391,0.4573004846272175,7.792477730122072
Nightflyers_6903284,18113,0.2591508861039033,0.07682756880741412,0.4840142512210914,9.938529088913283
Nightmare on Elm Street and 2012_1934056,23275,0.2756605800214823,-0.00874192585937552,0.4649866438557713,8.553269654665687
Nine_0875034,14523,0.29449838187702265,0.08691050625482276,0.5002316921916614,7.069066147859922
Ninja Assassin_1186367,17922,0.27742439459881707,0.030960403664458284,0.4503123562512212,8.159782115297322
Ninotchka_0031725,21432,0.2444475550578574,0.09980885932772787,0.47971385798394695,7.9068139963167585
Nixon_0113987,36202,0.24501408761946855,0.010922505929582068,0.47705251027443557,7.871381215469613
No Country for Old Men_0477348,21391,0.2412229442288813,0.01371574856977817,0.3813029446936335,7.767332123411978
No Strings Attached_1411238,17159,0.32670901567690425,0.06982045689936442,0.5288967772237885,5.523013871374527
Noah_1959490,22125,0.22449717514124293,0.05586901058790894,0.4412402734396406,6.3135520684736095
Nocturnal Animals_4550098,19250,0.21766233766233767,0.03944840224953864,0.440297905820633,7.111152141802068
Norma Rae_0079638,21576,0.2755839822024472,0.057878399716548325,0.4856164873735628,9.400434782608695
Normal Adolescent Behavior_0790721,17230,0.24753337202553685,0.06881693951588332,0.48793014653578065,6.890974440894569
Norman_4191702,29030,0.23203582500861178,0.14053451815247073,0.4938391340772645,8.5358401880141
North by Northwest_0053125,36730,0.24919684181867682,0.04121477880176335,0.46312280264599864,9.077322134387352
Notes on a Scandal_0465551,17135,0.3208053691275168,0.04482085049402757,0.4855617484367482,6.894230769230769
Nothing But a Man_0058414,9084,0.2742184059885513,0.10413093123148194,0.4491158481745828,6.6899852724594995
Notorious_0472198,21084,0.27248150256118386,0.04688766297658052,0.4834878904982002,7.128274009402284
Notting Hill_0125439,15210,0.2703484549638396,0.10525914073775382,0.5306299658874409,6.8896925858951175
Nottingham_0905731,25366,0.2948434912875503,0.0906217858677966,0.468112222967846,14.461538461538462
Novitiate_4513316,24885,0.20771549125979505,0.09158313105179243,0.4643498261598909,9.723828125
Now You See Me_1670345,22736,0.27370689655172414,0.06962251662028456,0.47045864147426675,11.407
Now and Then_0114011,7349,0.3442645257858212,0.02801795750725711,0.4929188996260976,8.419318181818182
Now or Never_0012512,19305,0.2670810670810671,0.055420967071043624,0.47690426342417125,8.101424979044426
Nurse Betty_0171580,27541,0.25129806470353294,0.06828418594416667,0.5187722456226672,7.340595111583422
O Brother Where Art Thou_1156696,12220,0.3439443535188216,0.03524224243748539,0.4276653545136593,10.099917423616846
OZ the Great and Powerful Snitch Dark Skies_3008428,21607,0.273939001249595,0.11332789966556531,0.5154647225960595,12.346087949743003
Oblivion_1483013,22090,0.2692621095518334,0.020379860051079446,0.45968778463184023,7.750087627059236
Observe and Report_1197628,21559,0.20163272879076025,0.06922248118872217,0.5125895860019951,8.315728604471857
Obsessed_1198138,16873,0.2576898002726249,0.07514565303802545,0.47234470062101597,7.003318125259229
Ocean s 11_0054135,20215,0.27726935443977246,0.07758582449921038,0.4541472656826986,7.025587828492393
Ocean s Eight_5164214,19390,0.31036616812790097,0.14494676204324233,0.5104241632154244,7.063930257900473
Ocean s Eleven_0240772,24846,0.2739676406665057,0.07372111334006497,0.4393028718593232,8.009038089089735
Ocean s Twelve_0349903,19055,0.27215953817895566,0.08295326589290829,0.4535986058154463,6.994158451989778
Okja_3967856,24707,0.2794754523009673,0.07792081919023591,0.5026781325250712,8.02000645369474
Oldboy_0364569,20868,0.251102165995783,-0.003556594098229002,0.4537136652304334,8.10352849941838
Olympus Has Fallen_2302755,16892,0.3387402320625148,-0.024230137296325224,0.4258726341550486,7.4600794000882225
On Golden Pond_0082846,22445,0.2427712185341947,0.11423612301086264,0.48367974887766507,6.343838727995458
On the Basis of Sex_4669788,21183,0.3008072510975782,0.11165392342606349,0.43011191990065234,6.597941359950093
On the Silver Globe_0093593,23023,0.20092950527733136,0.0886115423733596,0.4832998230372183,6.8982340616581865
On the Waterfront_0047296,22116,0.26184662687646953,0.025780780414239084,0.48072724059566097,8.73913043478261
One Chance_1196956,16653,0.32967032967032966,0.08283039694579983,0.4801354306438455,7.615384615384615
One Eight Seven_0118531,22851,0.31530348781234957,0.00758294869111752,0.4141581328807035,6.558890794739852
One Flew Over the Cuckoo s Nest_0073486,22729,0.24070570636631616,0.038679721579820026,0.42243837046592914,8.434766493699037
One Good Turn_0021214,3061,0.4028095393662202,0.09971597166124674,0.4923891512527877,9.686708860759493
One Saliva Bubble_12999032,24828,0.28975350410826484,0.04057274317901121,0.4577709526304629,11.634180790960452
One Soldier s Story The Journey of American Sniper_4781700,20025,0.3143071161048689,-0.022124565807311626,0.4567223438280955,7.768636539204326
One Way Passage_0023305,12332,0.29022056438533894,0.04859681644712272,0.5055581134026775,8.840746054519368
One Wild Moment_2191765,19941,0.28178125470136905,0.08844124442085151,0.5473135278782574,9.1183970856102
Only Angels Have Wings_0031762,24147,0.21485070609185405,0.11513216024073285,0.4468839451921021,8.41502808988764
Only God Forgives_1602613,16640,0.23731971153846154,0.03179359442640695,0.4876491819812136,7.249018752725687
Only Lovers Left Alive_1714915,20197,0.26652473139575183,0.03936181013593292,0.43058652426196276,8.429343308395678
Ordinary People_0081283,16493,0.24125386527617776,0.12232952465802335,0.5080157610127493,5.169221144823272
Orgy of the Dead_0054240,5857,0.3344715724773775,0.07002688801318784,0.4704478405384207,9.422893481717011
Orphan_1148204,26100,0.2815708812260536,0.07802321612032273,0.5095568475901303,7.57274031563845
Othello_0114057,17796,0.2691054169476287,0.16169396231673686,0.5504173307940969,9.562600752283718
Out of Sight_0120780,26627,0.20715814774477034,0.040264313131313165,0.4508121731601736,8.399810964083176
Out of the Blue Part 1_2542334,16964,0.27617307238858757,-0.030696134986205544,0.49599185670959867,6.1819839533187455
Outbreak_0525549,23734,0.27361590966545885,0.004491168199197406,0.43700073770511705,8.21157822191592
Outland_0082869,23116,0.24415988925419624,0.01634110257898627,0.4569177524145209,5.879221099334484
Overlord_4530422,23461,0.2893312305528324,0.018103846873237316,0.4283610517865323,7.153123104912068
Pacific Rim_1663662,27825,0.28452830188679246,0.021584284654550385,0.44159618616579716,9.235820895522387
Paddington 2_7904114,21526,0.2776642200130075,0.12377126984127002,0.48216547763347756,8.003676470588236
Pain and Glory_8291806,23640,0.23066835871404398,0.10335018096201753,0.46494917420859205,7.977088948787062
Palm Springs_9484998,21787,0.27369532289897647,0.008593839059713315,0.4634385574377907,8.476875242907113
Pan s Labyrinth_0457430,13625,0.31456880733944953,0.016024455012089666,0.46409106928942817,8.091448931116389
Pandorum_1188729,26328,0.237275903980553,-0.006920116653699606,0.4713187009269963,8.918388079918726
Panic Room_0258000,21069,0.2240258199250083,0.016052103438816842,0.4383730451035507,9.834888059701493
Panther_0114084,19030,0.3044140830267998,0.02421138956314817,0.46085021144258054,7.399689561505626
Paper Moon_0070510,21549,0.3111977353937538,0.04192158592057425,0.4648862438520712,7.891495601173021
ParaNorman_1623288,20771,0.2672957488806509,-0.0076608287138509755,0.4884434223451563,9.155066079295155
Paradise_1262990,18624,0.30981529209621994,0.05747734378416204,0.5096440077270114,6.986920777279522
Parallax view_8505542,24741,0.29740107513843417,0.0604367138005658,0.4729040638603678,7.201702877275396
Paranormal Activity_1179904,10076,0.3406113537117904,0.05474592542986963,0.41727426416251917,7.6034612490594435
Parasite_6751668,27323,0.24792299527870293,0.06795130540443033,0.5145780053280049,7.645548423109126
Pariah_1233334,17261,0.2711893864781878,0.040850211781614694,0.43962370426844133,7.495015171218032
Paris Texas_0087884,20368,0.30577376276512175,0.06433503450642394,0.4296236857799933,6.991059147180192
Parks and Recreation_1266020,17838,0.3008745375042045,0.06502212717190563,0.4593139986050429,9.004540867810293
Passenger 57_0105104,7644,0.37401883830455257,0.05886134955958296,0.49111218988714467,8.314192849404117
Passengers_1355644,14925,0.3074036850921273,0.05461767346710532,0.44029693073810733,8.032725321888412
Patton_0066206,32318,0.26802401138684323,0.02159091080680701,0.42408761963556485,10.887026483405966
Paul_1092026,19133,0.27779229603303196,0.04644603491139001,0.464490981009087,6.451026590373612
Pawn Sacrifice_1596345,20197,0.29118185869188495,0.04479295025898909,0.4143488872631937,7.054317548746518
Payback_0120784,16804,0.29879790526065225,0.0014018422726049821,0.40006968596375375,6.765914585012087
Pearl Harbor_0213149,29914,0.2380490740121682,0.050825623669485245,0.43440276628133795,10.35667471541911
Peeping Tom_0054167,24684,0.19911683681737158,0.07070367225642113,0.4750073490155214,6.815665651812898
Peggy Sue Got Married_0091738,21419,0.2687333675708483,0.0724815584816962,0.49054686176932855,6.880372033354715
Percy Jackson the Olympians The Lightning Thief_0814255,25666,0.29529338424374657,0.031705186401082566,0.4344346715611459,6.667705088265836
Peru Columbia_1481003,22519,0.2450819308139793,0.028808228264525993,0.443793778401412,7.212779552715655
Pet Sematary II_0105128,20593,0.2889816928082358,-0.0024760350597313762,0.4384364541455302,7.955632716049383
Pet Sematary_0098084,25265,0.24880269147041362,0.0583351471507163,0.47106793886385623,8.116316124920331
Pet Sematary_0837563,20134,0.22494288268600376,-0.009253711742162841,0.4395482150699545,8.23017170891251
Petulia_0063426,18523,0.28413323975597904,0.025237567080704314,0.510570867404201,8.510531135531135
Phantom Thread_5776858,11677,0.2967371756444292,0.1014157009145491,0.5011658374907217,7.431446540880503
Philadelphia_0107818,19476,0.3136681043335387,0.066944799099177,0.43543075588006436,7.333458505444987
Philomena_2431286,23317,0.256722562936913,0.038912597641870605,0.4483490149306477,9.80420168067227
Phone Booth_0183649,15793,0.25030076616222374,0.08296605002140717,0.49436926803355397,7.132160577356789
Pi_0138704,13448,0.2853955978584176,0.05317875242704347,0.47182157382548,7.012993762993763
Pie lette_1017495,11044,0.31410720753350235,0.05121433772723457,0.4585447397252946,9.15976821192053
Pilot_0235326,23373,0.28370341847430797,0.013548479846979117,0.42873356024161285,9.991063829787233
Pineapple Express_0910936,20067,0.2475208053022375,-0.03305252672084282,0.47474847837869294,6.675487925901423
Piranha 3D_0464154,16927,0.30353872511372365,0.06603844354878842,0.4957883166641783,7.066309719934102
Pirates of the Caribbean At World s End_0449088,25562,0.25530083718018937,0.013080669153969523,0.4138796513483036,8.288881643299641
Pirates of the Caribbean Dead Men Tell No Tales_1790809,13982,0.2604777571162924,0.06224230269679636,0.47485510231860617,8.243959929286977
Pirates of the Caribbean The Curse of the Black Pearl_0325980,25531,0.2420586737691434,0.03944682534888325,0.46144088251405313,9.169247389268996
Pitch Black_0134847,17066,0.3270830891831712,0.009811358986518366,0.47309957730745966,6.8254660848869495
Pitch Perfect 2_2848292,20640,0.29568798449612405,0.16023766511266513,0.5203827332250145,7.588880760790051
Pitch Perfect_1981677,17886,0.3105221961310522,0.11945988125934473,0.5099017063926704,7.044653349001175
Pixels_2120120,20661,0.3150863946565994,0.10051040380029741,0.5017109942854621,8.09788566953798
Planet 51_0762125,17891,0.27505449667430554,0.0375029769198414,0.5157489201687507,7.308979591836735
Planet of the Apes_0063442,20428,0.2848541217936166,0.031138550747167287,0.4353178909368236,8.506826644600745
Planet of the Apes_0133152,14560,0.2826923076923077,0.04405534941249233,0.4468840278688761,8.4065230052417
Plastic Man_0200365,21410,0.2609061186361513,0.04231195096275275,0.44777728396149463,8.380859375
Platinum Blonde_0022268,23029,0.2314907290807243,0.09803120393935676,0.5212288097836983,7.53960396039604
Platoon_0091763,27145,0.27725179591084914,-0.004971395253016354,0.4712812160771973,9.068090787716956
Playback_1729217,29437,0.2124197438597683,0.029468628630827037,0.47934079623087716,7.794187582562747
Pleasantville_0120789,29799,0.2226249202993389,0.08689346319237079,0.46365396347103677,7.312718204488778
Please Give_0878835,16074,0.24026378001741944,0.06328321925973608,0.4953110208796024,6.7061275531471445
Poetic Justice_0107840,19653,0.26006207703658474,0.11758753960438438,0.5390025890545269,7.6979813664596275
Point Break_0102685,27675,0.2801806684733514,-0.000379161144018857,0.4610203817346672,7.366684406599255
Poltergeist_0084516,19736,0.3013781921361978,0.062208661969077504,0.4440548363182946,8.33277027027027
Popeye_0081353,21977,0.3353050916867634,0.03477273741072077,0.5068529462144572,8.82312925170068
Possessions_0227291,22242,0.2790216707130654,0.05178595698321611,0.4783410577056756,7.7237206085753805
Postcards from the Edge_0100395,23047,0.24146309714930358,0.0734628705164608,0.5046113188465721,7.586785009861933
Pr t porter_6108130,19685,0.2785369570739141,0.07406063933369758,0.4771031687657901,8.033524121013901
Practical Magic_0120791,4884,0.3194103194103194,0.12722104916980898,0.5263780250313201,6.335917312661499
Preacher_5016504,25437,0.24598026496835318,-0.031026298938230737,0.4832804698713793,9.601729973674313
Precious_0929632,19645,0.25497582081954695,0.15391634177769703,0.6068439311336091,7.379077615298088
Predator 2_0100403,26303,0.2934646238071703,-0.0032507175531165593,0.4336467670937369,12.08348623853211
Predator_0093773,21971,0.26853579718720133,-0.014353360846940898,0.424045089267899,10.975136747886623
Predators_1424381,15621,0.3491453812175917,-0.05083595821909438,0.4498038686298352,6.005769230769231
Pretty Woman_0100405,19595,0.25348303138555756,0.1106421813067383,0.5063099652340154,6.54809619238477
Pride Prejudice_0414387,24339,0.21718230001232589,0.1309237053683016,0.5326204496619339,9.06587272050614
Priest_0822847,22811,0.29108763315944064,0.03853070402669023,0.4894237957081993,9.27923917442331
Primaries the Vice Presidency_3889492,22362,0.27430462391557103,0.05875586358945495,0.44992726915327536,7.67200272479564
Prince of Darkness_0093777,19458,0.26431287902148215,0.025320573498416068,0.46113183059247154,8.292993630573248
Prince of Persia The Sands of Time_0473075,24680,0.2813614262560778,0.03762457603160731,0.49628249827096066,8.759574468085106
Prisoners_1392214,25434,0.2149091766926162,0.0029112199146820094,0.4132415944114201,11.154183092422251
Private Lives_12560270,23102,0.27309323868063373,0.058314221840922796,0.49034980455550076,7.483829236739974
Prom 39 Bach Orchestral Transcriptions_1713081,15681,0.23416873923856896,-0.006181649555949372,0.45716947413173964,6.585642317380352
Prom Night_0081383,14509,0.3050520366668964,0.005015723118622692,0.45711646046865245,7.671594508975713
Prometheus_1446714,23009,0.2993611195619106,0.01223440164116396,0.47249492811378,6.948431845597105
Promised Land_2091473,21134,0.2343143749408536,0.09547963384958733,0.5015368368691343,6.790622992935131
Psycho_0054215,26603,0.22241852422659097,0.01973551404032686,0.4880135969942112,9.724616508400292
Public Enemies_1152836,22594,0.3040630255820129,0.07432982488190817,0.4280678025678025,6.717539189588879
Pulp Fiction_0110912,25459,0.2427039553792372,0.034998436601943406,0.4488614912823059,8.630706797429827
Punch Drunk Love_0272338,13689,0.25173496968368764,0.06941840014698164,0.47059416395090486,7.151282051282052
Punch Drunk Love_6002148,13514,0.24766908391297912,0.06535013000633595,0.46782256413074386,7.490249187432286
Purple Rain_0087957,21682,0.2560649386587953,0.03726204803821578,0.5133757967532551,9.540825285338016
Quantum Project_0239860,4630,0.4708423326133909,0.053439326424661635,0.412196455778858,8.23049645390071
Quartet_1441951,18382,0.28424545751278424,0.0676038532720876,0.44230277229063614,8.125716806352006
Queen Slim_8722346,17724,0.23454073572556985,0.03890258996723868,0.4816656748532583,6.938160469667319
Queen of the Damned_0238546,25155,0.24901610017889086,0.0930484947526533,0.4593274624208468,7.972758948368704
Quills_0180073,22831,0.33020892645963823,0.06334466296810558,0.5074851871957984,9.448275862068966
Quiz Show Winner_4335006,20388,0.3080243280360997,0.09779975044722233,0.4737310572282489,6.479304897314376
Quo Vadis_0043949,15273,0.2717868133307143,0.08693646303542132,0.5054853171519836,8.348087431693989
R D Laing IMDb_4153228,10811,0.3156969753029322,0.0874564420465155,0.5284733579329165,10.142589118198874
RED_1245526,19117,0.2746769890673223,0.001486211218810638,0.44138169322260257,7.119091924078899
RKO 281_0120801,8047,0.3487013793960482,0.004682488626849109,0.4833118843716672,10.298584298584299
Rabbit Hole_0935075,15347,0.26552420668534565,0.05760414264631632,0.4927591750268737,6.626236559139785
Rabid_5628902,22957,0.23574508864398658,0.0870598410878442,0.5083872844327374,10.741814780168381
Rachel Getting Married_1084950,15872,0.3068296370967742,0.118847114510095,0.5268507783923234,7.4219841639496975
Raft k MenT 2 Velk selh n_8516900,21519,0.2334680979599424,0.01614267146819231,0.42739691485640646,10.12312030075188
Rage of the Werewolf_0191391,1505,0.5043189368770764,0.012169066760903496,0.4825332405689551,12.663865546218487
Raging Bull_0081398,20620,0.23860329776915615,0.058411777708021625,0.4659828113907276,7.665925925925926
Raiders of the Lost Ark_0082971,26666,0.23310582764569115,0.04190079939055031,0.467475353991443,10.629083665338646
Rails Ties_0822849,16650,0.2852252252252252,0.0068184261604945515,0.4731438827739278,6.3810975609756095
Raised by Wolves_9170108,15576,0.2347200821777093,0.02254378787364902,0.44495600721295164,18.725419664268586
Raising Arizona_0093822,22400,0.2570089285714286,0.04874423619024891,0.466049980766962,9.844804910127138
Rambling Rose_0102753,30621,0.19493158290062376,0.12097593083868628,0.5740950133468965,10.229716193656094
Rambo First Blood Part II_0089880,14743,0.3042121684867395,0.040909944065904924,0.43224003597946165,8.33370786516854
Ran_0089881,17134,0.2659624139138555,0.016271859794359897,0.4907553749534879,8.863495346432265
Ready Player One_1677720,21726,0.29756973211819937,0.09704905512124433,0.5096357832112023,8.13809880239521
Ready to Wear_0110907,19685,0.2785369570739141,0.07406063933369758,0.4771031687657901,8.033524121013901
Real Genius_0089886,11420,0.31637478108581435,0.12179272495342967,0.5292438714631695,7.232469993682881
Reality Bites_0110950,23307,0.27892907710130005,0.09186714059471476,0.5013195307033059,8.37567084078712
Rear Window_0047396,33027,0.19384140248887274,0.053199775295707366,0.47005943384684024,10.553959131545339
Reasonable Doubt_2304953,19973,0.25474390427076554,0.020178348909216253,0.4411989451402715,6.43776133805082
Red Eye_0421239,18375,0.29638095238095236,0.073940900165127,0.4872586834700232,10.315759955131801
Red Riding Hood_1486185,26406,0.19109293342422176,-0.0073847281991512815,0.4919235418427725,7.488649262202043
Red Sparrow_2873282,29585,0.26205847557884066,0.04076208911010674,0.46766720064076894,11.590054815974941
Red White Black and Blue_0707959,15284,0.34127191834598275,-0.06290861038390673,0.41962039223402875,8.120698782424563
Reign of Fire_0253556,21839,0.32107697238884564,0.022979614925778297,0.44856001671595724,7.754850088183422
Reindeer Games_0184858,24079,0.2700278250757922,0.025662648469309043,0.4418070359722061,7.6357301235350015
Remember Me_1403981,16747,0.2976055412909775,0.051141168023025395,0.4581311421946214,6.414503816793893
Remember Me_3484180,17953,0.2634100150392692,0.07986013280841424,0.3804476790919743,8.586437440305636
Rendition_0804522,19365,0.31324554608830363,0.043988675015460756,0.4468894424827605,6.660461909686315
Rent_0294870,21650,0.29311778290993074,0.03502743703136239,0.4853754858966587,6.377063679245283
Replacements_0608330,21741,0.22823237201600663,0.05871126689945941,0.4649616303979179,7.3957418046637375
Repo Men_1053424,21645,0.27613767613767615,0.036674776013216136,0.4233284998814244,8.403181994567326
Requiem for a Dream_0180093,19431,0.2524316813339509,0.10057717419777636,0.4655433981144403,7.188170055452865
Reservation Road_0831884,17838,0.26533243637179055,0.02659556740850447,0.4644188576574936,7.224888165921106
Reservoir Dogs Sundance Institute 1991 June Film Lab_6493238,17628,0.22305423190378942,-0.017733848128244644,0.4188148569183064,7.4428090832632465
Resident Evil Afterlife_1220634,13170,0.2398633257403189,-0.039246761203283,0.4514233775103331,5.773543583004818
Resident Evil Extinction_0432021,26710,0.24867090977162112,0.0016756017565454048,0.42216082346548833,8.103793626707132
Resident Evil_0120804,13781,0.2824178216384878,0.0047693249321097,0.45505587329152064,6.372359963269054
Return to Sender_2948790,17084,0.3053149145399204,0.07424914920640158,0.4395963575208857,7.49760348583878
Reunion_0483314,16787,0.20140584976469889,0.16829490212030793,0.5210601373362401,6.7874142799515935
Revolutionary Road_0959337,16000,0.246,0.08301761381031164,0.5302700374597665,7.042599912165129
Richard Jewell_3513548,20749,0.29548411971661287,0.06402091997743145,0.464802433167453,6.633556192295448
Rick and Morty 1x11 REACTION Ricksy Business_12564112,5734,0.38210673177537496,0.05743568469707631,0.5274157034809749,6.83115338882283
Rick and Morty 1x5 REACTION Meeseeks and Destroy_12564080,5741,0.37362828775474655,0.05692435188098739,0.5494441107106309,6.6558516801854
Rick and Morty 2x2 REACTION Mortynight Run_12604042,6116,0.3961739699149771,0.0457772005349581,0.5043271716573827,8.273954116059379
Ringer_0117480,20054,0.24224593597287325,0.08146298612917927,0.5083298315116499,6.490608808290156
Ringu_0178868,14258,0.2831392902230327,0.027997969268902283,0.4285399108246,8.989301447451227
Rio Grande_0042895,25843,0.22938513330495686,0.02618173481763119,0.4386370044429256,9.554013503375844
Rise of the Guardians_1446192,24982,0.2359698983267953,0.07911973535271367,0.5017914371475825,8.218175853018373
Rise of the Planet of the Apes_1318514,20088,0.2902230187176424,0.0495802906525163,0.4667348989688632,8.135222672064778
Road to Perdition_0257044,15691,0.2904849913963419,0.03936265791054347,0.443162793535928,6.335213537469782
Roadracers_0111002,21844,0.26735030214246475,0.03410692276581757,0.5036584342161564,6.876492771841609
Robin Hood Prince of Thieves_0102798,24019,0.28410841417211374,-0.007328282567661244,0.4840762098187843,6.247658688865765
Robin Hood_4532826,25366,0.2948434912875503,0.0906217858677966,0.468112222967846,14.461538461538462
Robin The Story of Dick Grayson_1705130,16722,0.3121038153330941,0.0684095893141945,0.44710328590546444,8.538775510204081
Rock Rule_0086203,14342,0.39408729605354903,-0.22355294398464232,0.6488458239628287,5.374193548387097
Rocket Man_9279928,23274,0.23927988313139126,0.06678159283892732,0.41529577732209355,7.623610202746893
RocknRolla_1032755,19940,0.23229689067201606,0.06078109211419959,0.47281820574550204,9.803037726604606
Rocky Balboa_0479143,17407,0.30746251508014016,0.06290269308161796,0.489121444006009,8.176223776223777
Rocky V_0100507,21405,0.2618079887876664,0.09381426108334477,0.488737596237596,7.685929648241206
Rocky_0075148,20280,0.2698224852071006,0.043924995986436656,0.47527212790348417,8.741125541125541
Rolling Thunder_0076637,18115,0.27419265801821696,0.07532702949479698,0.44962671227202305,8.425058004640372
Roma_6155172,24971,0.24856833927355731,0.008271903977788354,0.4472136257368815,9.129704055535258
Romancing the Stone_0088011,19463,0.32841802394286596,0.010043301716979595,0.4615750471038933,8.761113605747642
Romeo Juliet_0117509,20969,0.29066717535409414,0.07508313108641475,0.5175490741040812,9.294429708222811
Romeo Must Die_0165929,17574,0.3447706839649482,0.003467380458242072,0.4558937179008976,8.425970292285577
Ronin_0122690,25794,0.2222997596340234,0.04076669814740356,0.44856689529926,13.770666666666667
Ronnie Rocket IMDb_3076988,15659,0.22900568363241586,0.013215672857294376,0.450646521562338,9.517757009345795
Room_3170832,19513,0.2582380976784708,0.004410404380908216,0.40184448346438106,7.400911161731207
Rosemary s Baby_0063522,31635,0.22756440651177492,0.11997804795677142,0.4450730459453867,7.844438939806787
Roughshod_0041827,26817,0.17884177946824775,0.022348963006515066,0.4574604085150961,7.660968660968661
Royal Tenenbaums_12287150,24094,0.21640242383996017,0.024335859231502478,0.4067060782891078,6.70075020839122
Ruben Brandt Collector_6241872,11577,0.33929342662175,0.07399779879152277,0.4212008065216624,7.376986649713922
Ruby Sparks_1839492,16454,0.2651027105870913,0.0835311893280678,0.5172886582193151,5.501330671989354
Runaway Bride_0163187,22260,0.2618149146451033,0.06393824817910186,0.48329163790139384,7.5161725067385445
Rush Hour 2_0266915,16931,0.27045065264898704,0.022757523597227863,0.4253591153114965,8.292134831460674
Rush Hour_0120812,24631,0.2901222037270107,0.04832508265543981,0.4213027713027711,10.180131904369333
Rush_1979320,18538,0.3130326896105297,0.05988519157322579,0.48688211875177667,6.825466520307354
Rushlights_1536437,23680,0.24636824324324325,0.10757753820253838,0.4766024161024159,7.462264150943396
Rushmore_0128445,20249,0.24430836090671143,0.03874335424986656,0.4319584110213638,6.314294631710362
Russian Ark_0318034,26176,0.23834810513447433,0.054029107909316296,0.4843371216287886,7.704678362573099
Rust and Bone_2053425,20221,0.2520152316898274,0.027019530152919424,0.39842871427603,7.133638928067701
Ryan Hansen Solves Crimes on Television_7068580,6335,0.39621152328334647,0.07568770646923897,0.47445826124849594,7.098434004474273
S Darko_1231277,20666,0.2672505564695635,0.009406233616139277,0.43560928371069846,9.474793767186068
S W A T_0257076,18876,0.3084869675778767,0.05602159919102324,0.4731056366473029,6.500517063081696
S1m0ne_0258153,23947,0.27038877521192634,0.0791776919482457,0.5240696998750687,8.516542155816435
Saboteur_0035279,30363,0.26377498929618287,0.05348448799793738,0.48456618364055026,10.126713473754597
Sabrina_0047437,13522,0.2617216388108268,0.15228825269932442,0.5223279610779605,6.582765335929893
Safe House_1599348,19701,0.2708999543170397,0.028695227457374954,0.43052351061878524,7.156136528685549
Safety Not Guaranteed_1862079,17045,0.2769140510413611,0.03709322309867611,0.5068055676612714,7.776663628076572
Salt of the Earth_0047443,18442,0.25631710226656546,0.020640361729176222,0.420167079623015,7.538493038493039
Salt_0944835,20086,0.30309668425769193,0.011488942427783613,0.40501111311197174,7.571159638554217
Salvador_0091886,29206,0.30798466068616037,0.012185532410170513,0.4647696237585945,9.370441458733206
Sam I Am_0539417,21113,0.2714441339459101,0.08477237866954626,0.4698538144525799,7.138916918937101
Same Time Next Year_6797728,21403,0.24160164462925757,0.06474867447015129,0.4947583591385528,8.904643449419568
Sanctum_0881320,23645,0.2585324592937196,-0.02609603470193319,0.49009001968099336,7.2107337780473015
Sandman_0176118,21010,0.29019514516896716,0.07201012992243366,0.5143211979992076,7.169310344827586
Sasquatch Mountain_0486569,17028,0.25822175240779893,0.05201831493607124,0.4607567807986213,7.654051647373108
Sausage Party_1700841,21117,0.30113178955344033,0.039858645639639305,0.5256188971589246,7.891417910447761
Saving Mr Banks_2140373,22169,0.2655961026658848,0.1365592276948168,0.5212914221839908,9.361872627583297
Saving Private Ryan_0120815,20135,0.26615346411720886,0.06202103583565518,0.4434348862573595,7.356259097525473
Say Anything_0098258,19657,0.2779671363890726,0.12984258616897515,0.4773229535896205,6.236001265422335
Scarface_0086250,7337,0.41474717186861115,0.034054918020098496,0.44302779968009853,10.073972602739726
Scary Movie 2_0257106,20411,0.25785115868894226,0.0554052191504832,0.4903448736077676,7.089428076256499
Scary Movie_0175142,14064,0.28782707622298065,0.035046671337555464,0.47634171658149077,6.401996370235935
Scary Stories to Tell in the Dark_3387520,21858,0.3006679476621832,-0.00857506543213137,0.4590321888219089,8.421315890727202
Scent of a Woman_0105323,25499,0.2653045217459508,0.06166795230311927,0.4468644801735554,8.188020499679693
Schindler s List_0108052,27011,0.24049461330569027,0.0754107560367016,0.44490612304152377,9.997044698928704
Scooby Doo_0267913,19814,0.2965075199353992,0.015659512331613577,0.47882543776496067,6.792678754704071
Scott Pilgrim vs the World_0446029,20079,0.27949599083619703,0.06339005331224638,0.5349383738528923,6.139654650106029
Scream 2_0120082,19448,0.24398395721925134,0.023557042341264246,0.4575824307776758,6.534407519301779
Scream 3_0134084,15654,0.29334355436310205,-0.01674474795816824,0.49343416000195645,7.546987951807229
Scream 4_1262416,18932,0.26605746883583353,0.027278832079764642,0.4951149587699087,5.766119221411192
Screamers_0114367,19249,0.27445581588653956,0.0006402368394385803,0.4587989973258477,6.4407504937458855
Scrooged_0096061,20465,0.32626435377473734,0.01108383888162705,0.4730574178707295,7.33749554049233
Se7en_0114369,30857,0.2427326052435428,-0.01020103443786678,0.4439019528114485,7.967758576218726
Searching for Bobby Fischer_0108065,28622,0.24509118859618476,0.0458276719655186,0.4444625824601358,8.575067425831586
Searching_7668870,19839,0.2928070971319119,0.07399083939290683,0.45814175349528924,8.166734610680798
Second Act_2126357,17132,0.31222274106934395,0.10276231002378772,0.4852681616167993,7.189121338912134
Second Chance_1324069,2020,0.4767326732673267,0.0681495597799946,0.404990136004629,6.968965517241379
Secondhand Lions_0327137,18768,0.306692242114237,0.06762597476148027,0.48072760799291414,7.03932584269663
Secretariat_1028576,22687,0.26579098161942966,0.11841977943080886,0.4170601239718887,8.60754716981132
Semi Pro_0839980,19078,0.27812139637278543,0.09074469847159343,0.5029599847551975,7.448168355416992
Sense and Sensibility_0114388,25132,0.23384529683272323,0.10596119035663346,0.5370678449792279,9.09002169197397
Serenity_0379786,23819,0.2561820395482598,0.05188522903097805,0.4659418483001479,9.763211798443262
Seven Days to Live_0221928,17549,0.23950082625790645,0.030236351977967806,0.4980942331808821,7.646649260226284
Seven Psychopaths_1931533,32714,0.23146053677324693,-0.00874403675549174,0.4381281508773473,7.6551246537396125
Seven Years in Tibet_0120102,3391,0.46829843703922147,0.02259822049295735,0.4947458389563655,8.912060301507537
Sex Drive_1135985,23755,0.24550620921911176,0.08594953747465611,0.4874133103183737,6.419537136706135
Sex Lies and Videotape_0098724,14677,0.22797574436192683,0.06870606722580412,0.5298365898365902,7.26170527353376
Sex and the City_1000774,26870,0.21324897655377745,0.1373828895173875,0.4679190724848799,7.034194727225268
Sexy Beast_0203119,24679,0.26034280157218687,0.024337198799758375,0.41510896867214264,5.048667694340454
Shadow Dancer_1770734,21131,0.25540674837915855,0.009625780503843686,0.4383305628224694,5.8907073509015255
Shadow_6864046,23559,0.2955558385330447,0.07505711674450954,0.4947504520446198,6.8822500728650535
Shakespeare in Love_0138097,21504,0.2667875744047619,0.15228853898251218,0.5042613687899402,6.8581852791878175
Shallow Grave_0111149,11823,0.27717161464941215,0.03886826740382458,0.4486529253574705,8.080601092896174
Shameless_1586680,14869,0.2837447037460488,0.11303186661543106,0.492543640286359,6.866268382352941
Shampoo_0073692,19893,0.23264464887146233,0.09569046642143178,0.5202334287106382,7.0539007092198585
Shaun of the Dead_0365748,19180,0.28712200208550576,-0.002169173304693112,0.4747790634636459,5.918223583460949
She s Out of My League_0815236,21157,0.24686864867419767,0.09072335383481338,0.49190065667260635,7.140356782228206
Sherlock Holmes_0988045,27563,0.2603490186119073,0.07209107748719473,0.4521273027944475,9.097625329815303
Shine_0117631,8164,0.3639147476727095,0.09480303959234875,0.5150995560181805,7.85632183908046
Shining The Light_9106126,14381,0.21368472289826854,0.1273680493106825,0.4814001672866406,6.105196982397318
Shivers_0073705,19152,0.2569966583124478,0.03473577996346501,0.4695961440591338,10.103848181338956
Shock Treatment_0083067,6388,0.4071696931747026,0.03205423902086711,0.563926990933164,8.489717223650386
Shoot the Moon_0084675,19878,0.2649662943958145,0.0853378939023789,0.4756233528505515,7.516275548826647
Short Term Pain Long Term Gain_2761612,15326,0.2466396972465092,0.0425713742666868,0.48193803681303726,8.48645660585959
Shrek the Third_0413267,19751,0.26049313958786896,0.11188404529433332,0.5500576649733953,7.276595744680851
Sicario_3397884,10869,0.31014812770264055,-0.024308377718485045,0.3634940980804133,8.212396069538928
Signs_0286106,18118,0.22695661772822606,0.029599204452056396,0.4112033592980195,7.302578565672844
Silver Linings Playbook_1045658,18899,0.2227101963066829,0.0652020333930192,0.5363655326155322,5.5285714285714285
Silver Streak_0075223,26801,0.22752882355136003,0.05811362719621648,0.4499415025450737,8.555130656469089
Silverado_0090022,28153,0.20541327744822932,0.018850805576408648,0.45644421733237533,9.23656618610747
Sing Street_3544112,22708,0.24268980095120662,0.06548726724614456,0.4555140407973975,6.364221724524076
Singin in the Rain_0045152,21975,0.3078498293515358,0.11067469749084682,0.4909266157818792,9.795350957155879
Sister Act_0105417,24474,0.24617961918770942,0.1354125798421681,0.5370011006202661,7.169640245685873
Sixteen Candles_0088128,20325,0.264009840098401,0.07214152853556156,0.5160817224385744,7.164258019034191
Sketch Artist II Hands That See_0114463,2746,0.36161689730517116,0.030656805739271025,0.4801677934548309,11.931034482758621
Skin Deep_0098343,15011,0.2821264406102192,-7.138308799359325e-05,0.4800735075392085,8.076882007474639
Skip Marley Cry to Me_11574380,18767,0.23647892577396493,0.05917807414807419,0.370426150294151,7.834721065778518
Skyfall_1074638,22778,0.26556326279743614,0.028690308666031252,0.474529802957638,8.516213194185614
Skyline_1564585,14973,0.30902290790088827,0.024235580669951913,0.46343022970792513,5.922529644268774
Skyscraper_5758778,24844,0.264611173724038,0.05796033738959076,0.4741048307501303,10.016512283527991
Slackers_0240900,23183,0.262174869516456,0.05660987871710353,0.4825062089626313,6.934548714883443
Slash_4729990,19729,0.300268640072989,-0.009803506294029022,0.4521756752223319,6.508646003262642
Slay the Dreamer IMDb_11144100,21133,0.27714948185302607,0.05201553477701445,0.43096283535059,7.132794068082238
Sleepaway Camp Trilogy Review_4532344,11021,0.3011523455221849,0.06434854192923818,0.4503628007014078,6.496766607877719
Sleepless in Seattle_0108160,17749,0.2431686292185475,0.09907723389325117,0.476247941172184,7.817582417582417
Sleepy Hollow_0162661,22604,0.27433197664130243,-0.0006010537081965599,0.4766701008741816,6.805163614530171
Slender Man_5690360,22045,0.27530052166024044,-0.025901834570097457,0.42127587809225836,6.177126917712692
Sleuth_0857265,11360,0.25246478873239436,0.09647286718829609,0.5075813630102994,4.8642398286937905
Sling Blade_0117666,19927,0.1875345009283886,0.07236977956061832,0.5006074354578626,8.43551797040169
Slither_0439815,20995,0.24353417480352466,0.009980494034403757,0.4570003259082009,8.118283726323927
Small Soldiers_0122718,29234,0.2516248204145858,-0.011793702846753648,0.4691188067829127,10.309199020636585
Smashed_2063781,15997,0.24510845783584423,0.03843152658333628,0.515205627705627,6.978448275862069
Smoke Gets in Your Eyes_0614236,9691,0.3071922402228872,0.1333422581469457,0.48246341296146,8.421006944444445
Smokey and the Bandit_0076729,18236,0.255703005044966,0.005591112105392339,0.40800312256049986,8.430747922437673
Smokin Aces The Big Gun_1148297,26029,0.33566406700218987,0.032185061798304396,0.47333089123930727,10.62409347300564
Snatch_0208092,20468,0.21257572796560484,0.033809433743644327,0.48334329900119377,9.408398707891093
Sneakers_1256467,6629,0.3759239704329461,0.003338613746644843,0.40029222648393675,7.3919821826280625
Snow Falling on Cedars_0120834,28176,0.26423197047132313,0.036540144263358575,0.45635222778079965,6.0817907877744295
Snow White and the Huntsman_1735898,23197,0.24770444454024226,0.03591085037845064,0.43777617804884494,9.207060690202301
Snowpiercer_1706620,25685,0.26844461748102005,-0.030142083032708027,0.45650858272386075,8.898410504492052
So I Married an Axe Murderer_0108174,17776,0.2750900090009001,0.11038929371768774,0.5375031507124216,7.197575757575757
So Pretty_9595506,937,0.5624332977588047,0.08823437577747924,0.42436918445539124,5.4476744186046515
Solaris_0307479,11078,0.27586206896551724,0.003938360711931034,0.47292542207920835,7.1312741312741315
Solomon Kane_0970452,25377,0.2426212712298538,0.00967562929122664,0.4969201390219085,8.818402777777777
Solstice_0473267,6195,0.3801452784503632,0.044450309469038066,0.46975361903444135,10.323333333333334
Some Kind of Wonderful_0094006,22067,0.21788190510717362,0.06342633574030326,0.4789411026358539,6.211311198649409
Some Like It Hot_0053291,29418,0.2215990210075464,0.008113858083149988,0.4650770627360225,9.763105507631055
Someone to Watch Over Me_1464643,18692,0.3095441900278194,0.1253016567436609,0.4998430428742466,7.931558935361217
Something Wicked This Way Comes_0086336,23223,0.2748998837359514,0.041166462818940784,0.4664076065466983,7.550420168067227
Something s Gotta Give_0337741,24539,0.24662781694445576,0.13683252563432488,0.515005856278025,7.625970798384592
Somewhere in Time_0081534,22660,0.27696381288614297,0.08943446881709072,0.4707170837292793,8.381179055291103
Son of Rambow_0845046,18953,0.2878699941961695,0.01473229022692503,0.440179527634347,10.126265316995205
Son of Saul_3808342,13884,0.2291126476519735,-0.041324402199757256,0.33943715848545364,8.467397928092627
Sorority Row_1232783,23183,0.262174869516456,0.05660987871710353,0.4825062089626313,6.934548714883443
Sorry Right Number_0469188,4473,0.3945897607869439,0.04167272014401813,0.5170291089563329,6.892307692307693
Sounder_0069303,17877,0.19583822789058566,0.01039030040975796,0.40930200250483284,14.874376039933445
Source Code_0945513,19912,0.27571313780634793,0.018281750892155092,0.4087958174559968,6.170429941231054
South Park Bigger Longer Uncut_0158983,22805,0.26963385222538916,-0.011445001293246757,0.5257543898409279,7.004904966278357
Southern Belle_7100408,11356,0.3063578724903135,0.014350131385526809,0.5017541891215368,5.2508083140877595
Southern Comfort_0083111,16512,0.2981468023255814,0.03690422684646424,0.45139997709146695,6.786265745631857
Space Cowboys_12239918,23157,0.2784903053072505,0.06159745269694548,0.4502909317051108,7.47024766806047
Space Milkshake_1954843,15129,0.25837794963315486,0.02453124758504508,0.393745228488108,6.624836029733275
Spaceballs_0094012,12371,0.2587503031282839,0.07880497988234883,0.454555142438207,6.124137931034483
Spacejacked_0120174,14661,0.2281563331287088,0.07884866613094613,0.4841355519480515,12.711571675302245
Spanglish_0371246,24269,0.27809139231117885,0.12250476265506849,0.48697592602144213,7.126939351198872
Spare Me_1078001,14710,0.2879673691366417,0.026210260917292155,0.4503600528600531,7.935952637244349
Spartacus_0054331,45674,0.29088759469282305,0.022503613219905343,0.4445640725275561,13.254212667054038
Spartan_0360009,24654,0.24040723614829237,0.014705026222321825,0.3929247458807213,7.386761650341348
Speed Racer_0811080,25664,0.2501168952618454,0.10656974383178901,0.468197609974295,9.313902968863143
Speed_0111257,17694,0.27517802644964395,0.046064813739536095,0.42965051222204803,6.953388170779475
Spellbinder_0096152,22971,0.28152888424535283,0.01024105386499128,0.4806264176318269,7.5753785385121795
Sperm The Motion Picture_1414273,10784,0.3353115727002967,0.042414787994769956,0.44944191926199534,13.435483870967742
Sphere_0120184,20065,0.25606777971592326,0.0036605401153003148,0.45755208787766954,6.093778452200303
Spider Man 2_0316654,21124,0.2888657451240295,0.05216685884195943,0.48023894896189256,6.118717504332755
Spider Man Into the Spider Verse_4633694,21361,0.30541641308927486,0.04851570006056542,0.5124236647949093,7.079920739762219
Spider Man_0145487,15592,0.38301693175987683,0.03578895241808844,0.48875574135378014,8.165276329509906
Spider Man_0185116,23110,0.2702726092600606,0.046087717484813155,0.4588036230802344,6.594417544859015
Spitfire_5913184,1147,0.5309503051438536,0.08457962962962963,0.47268148148148137,9.290322580645162
Splice_1017460,23538,0.29717902965417625,0.034562110179977006,0.5155504451265318,7.596966763472087
Splitsville_0835410,12743,0.2701090794946245,0.08710138415337536,0.5129557798805587,8.040506329113924
Spotlight_1895587,22536,0.259806531771388,0.11222686963028736,0.45121442615499036,6.470183486238532
St Elmo s Fire_0090060,19959,0.25206673681046143,0.06964184380468993,0.5312891250466095,7.633167749331295
St Vincent_2170593,17709,0.2873115365068609,0.07253623935072641,0.45210666461027743,5.003646563814867
Stalag 17_0046359,25796,0.23135369824779037,0.013770599385857207,0.42218742990343006,7.412166003411029
Stan Ollie_3385524,25506,0.2320630439896495,0.09542749788802904,0.4161291968721392,10.75604670558799
Star Trek First Contact_0117731,10691,0.29810120662239264,0.008234055105295688,0.444077472235367,10.769307923771313
Star Trek Generations_0111280,6844,0.31019871420222095,0.012344796525040906,0.4338707044256946,10.033625730994151
Star Trek II The Wrath of Khan_0084726,3869,0.45334711811837686,0.018312275717703313,0.4338765236956035,9.452554744525548
Star Trek III The Search for Spock_0088170,7566,0.3650541897964578,0.037995392485335046,0.4867291276199325,11.248888888888889
Star Trek IV The Voyage Home_0092007,6234,0.4059993583573949,0.07844377538760797,0.471537988443275,9.849293563579279
Star Trek Insurrection_0120844,5773,0.3715572492638143,0.05428709563410228,0.431977017808504,9.892307692307693
Star Trek Nemesis_0253754,20282,0.26161128093876346,0.07728840195751963,0.5052499193449417,8.311092918542775
Star Trek The Motion Picture_0079945,25054,0.2791171070487746,0.016753294232450325,0.5097732334955373,10.46044962531224
Star Trek The Next Generation_0092455,19480,0.2532854209445585,0.02307707008068748,0.4621739327125178,9.236406619385344
Star Trek V The Final Frontier_0098382,6389,0.38096728752543435,0.022327089701250778,0.4816504344524481,9.683812405446293
Star Trek VI The Undiscovered Country_0102975,4189,0.46693721651945574,0.0039008165152531293,0.4658946100847511,8.649484536082474
Star Trek_0796366,27138,0.28815682806396936,0.04166448072630431,0.49455854390919335,10.334855403348554
Star Wars Ep 1 The Phantom Menace w Ryan Paul from Cold Callers Comedy Podcast_12764338,23787,0.24795056123092446,-0.05533731502584979,0.5405940555029962,8.84499263622975
Star Wars Episode I The Phantom Menace_0120915,23787,0.24795056123092446,-0.05533731502584979,0.5405940555029962,8.84499263622975
Star Wars Episode II Attack of the Clones_0121765,16884,0.28032456763800045,0.08923482982545272,0.545026023171675,7.82939267501159
Star Wars Episode III Revenge of the Sith_0121766,23694,0.2168059424326834,-0.025841611700004683,0.5415338583669586,9.207157057654076
Star Wars Episode IV A New Hope_0076759,29067,0.2135411291154918,0.012667389113411844,0.4761829660238741,9.3295892169448
Star Wars Episode V The Empire Strikes Back_0080684,22543,0.24455485072971656,0.014596663873217352,0.5105514247313375,8.537121212121212
Star Wars Episode VII The Force Awakens_2488496,21668,0.2902436773121654,0.0018949306397967255,0.4854920468420461,8.396124031007751
Star Wars The New Droid Army_1505922,10994,0.24258686556303438,-0.031195625784596046,0.3821860409516942,10.015482695810565
Starcrossed_0420931,20563,0.2722365413606964,0.028680120279704218,0.4654335060340845,8.526184538653366
Stargate_0111282,27177,0.24277882032601097,0.02648341294191099,0.4381788319278431,8.902127659574468
Starman_0088172,27037,0.22095646706365352,0.05558272862705173,0.42114605058072396,9.129554655870445
State and Main_0120202,19382,0.2558559488184914,0.12506551777602537,0.39103238317659567,6.349533311876408
Station West_0040835,23353,0.21008007536504947,0.009495809971180718,0.4734726811951387,8.396694214876034
Stay_0371257,18316,0.2622297444856956,0.011034972873446902,0.5037075766945888,7.269916765755053
Stepmom_0120686,24474,0.2730652937811555,0.044374083696767846,0.5129086195715659,5.902831094049904
Steve Jobs_2080374,28245,0.2132058771463976,0.11540613088431478,0.47061940836940824,9.61593220338983
Stick It_0430634,22011,0.30003180228067783,0.05250604412594206,0.48476360940646634,7.6221070811744385
Stigmata_0145531,14885,0.27443735303997313,0.03004845152392209,0.4405305472859549,7.806063774176685
Sting They Dance Alone Cueca Solo_7573714,23338,0.2301825349215871,0.034287172638236475,0.4316796332115482,9.86745462220346
Stir of Echoes_0164181,23617,0.22564254562391498,0.024034523593181763,0.4246639450837355,8.380969225327203
Stoked_1504166,19560,0.2855828220858896,0.056010226088686436,0.4432028581813985,7.751271020727415
Stolen Summer_0286162,17552,0.20704193254329992,0.08193613856682043,0.3842364869978506,6.928543229372286
Stone_1423995,18204,0.29389145242803777,0.03950429710699664,0.4782527040860373,6.488740323715693
Storytelling_0250081,7409,0.345390740990687,0.0490825043922813,0.5243626619107387,6.098214285714286
Straight Outta Compton_1398426,27978,0.2583458431624848,-0.008426455391910006,0.4869491352740999,8.722895309102206
Strange Days_0114558,32051,0.2381828960094849,0.03561654856604716,0.45613821668621135,7.907475943745374
Stranger Than Fiction_0420223,22363,0.2549747350534365,0.037702438649008574,0.45058358637844176,6.533061462277891
Stranger Things_4574334,11318,0.3444071390705072,0.061624743193842875,0.43615320741879376,5.835051546391752
Strangers on a Train_0044079,25419,0.21562610645580077,0.023517730897100228,0.483704844631896,8.478432663812974
Strangle Hold_0596969,7505,0.3670886075949367,-0.018148335828733576,0.4619863043802439,16.46288209606987
Street Kings_0421073,12143,0.3171374454418183,0.056574251280388635,0.463554746994414,8.603399433427763
Stuart Little 2_0243585,13814,0.27942666859707543,0.05642063798185729,0.5024752531924667,6.048577680525164
Stuntman_6539830,29366,0.28774773547640126,0.03613754184746548,0.4615995823514913,8.754112808460635
Submarine_1440292,17196,0.27558734589439404,0.0818310245805102,0.4401172067530093,7.262647554806071
Suburbia_0086589,13402,0.24891807192956275,0.03951099654929312,0.5311774137264337,5.97506678539626
Suburbicon_0491175,16493,0.27211544291517614,0.016351166563932523,0.4680243869605577,8.009405940594059
Sucker_0178047,3424,0.3957359813084112,0.07840846232891686,0.4956651705677683,7.808656036446469
Sully_3263904,18408,0.3017709691438505,0.10472338224810804,0.4647495718672592,6.679436212504518
Summer of 84_5774450,23083,0.28354200060650697,0.015012831302171263,0.45540783119973494,7.843728813559322
Sunset Blvd_0043014,19074,0.2499213589178987,0.04760678642734406,0.4781573393258248,7.837993421052632
Sunshine Cleaning A Fresh Look at a Dirty Business_1517098,19119,0.25231445159265653,0.22121005156071047,0.6142606198959321,7.267552182163188
Sunshine_0448134,14127,0.29086147094216747,0.0422797315360101,0.48045358463623333,7.122345803842265
Super 8_1650062,22505,0.28469229060208845,0.035713767453439654,0.4700447458904432,9.260708401976936
Super Dark Times_5112578,18840,0.27016985138004246,0.012646563514385156,0.47888827874866874,6.420497105890364
Super Mario Bros_0108255,17078,0.36450404028574773,0.07077546472042276,0.482787717928371,7.0460715754833405
Superbad_0829482,20071,0.2378057894474615,-0.01059385192520709,0.5219107039683962,6.889986376021798
Superfights_0114582,16089,0.24905214742992107,0.10770730456583252,0.4642035048285049,9.003355704697986
Supergirl Captain America 1990 and Roger Corman s Fantastic Four_4062018,18687,0.29833574142451974,0.026950615222687227,0.4598217513941007,6.698654390934844
Supergirl_0088206,13206,0.2941087384522187,0.06307137738071404,0.515923375789173,7.6757540603248255
Superman III_0086393,34191,0.27267409552221344,0.04593405753531246,0.4320966548033476,9.981987216734456
Superman II_0081573,20038,0.3006787104501447,0.0687606391139412,0.5149540993569326,9.434698795180722
Superman IV The Quest for Peace_0094074,18626,0.29711156447975945,0.08278060688422519,0.46893555551450283,7.480938416422287
Superman The Man of Steel_1453257,21969,0.2687423187218353,0.07371188080823496,0.4404817664698621,9.57124183006536
Superman_0078346,14778,0.3197997022601164,0.06785795174918631,0.5183004960361639,10.657933042212518
Surrogates_0986263,22201,0.30151794964190803,0.047505729598772674,0.4392927353457775,9.128383921246924
Surveillance_0261336,27999,0.2451158969963213,0.05866505525938394,0.4400597576292024,8.129462989840349
Suspect Zero_0324127,23499,0.2880973658453551,-0.0047923097809289055,0.4588725071084704,7.176953481301307
Suspiria_1034415,23626,0.2534072631846271,0.041703530306471503,0.4293184685831746,9.201478024115131
Sweeney Todd The Demon Barber of Fleet Street_0408236,21688,0.2741147178163039,0.03807073118265588,0.5592287013312123,8.924989639452964
Sweet November_0230838,20387,0.2790013243733752,0.07539514108264109,0.5396856060606057,7.51840942562592
Sweet Smell of Success_0051036,34018,0.2282615086130872,0.06770234802898616,0.48698336721347624,9.352235550708834
Swingers_0117802,14660,0.2894270122783083,0.06499934297158466,0.5048816705485688,6.209272649936198
Swordfish_0244244,17260,0.27143684820393976,0.030746071954622672,0.4455782667407108,7.7847533632287
Synecdoche New York_0383028,21868,0.24455825864276567,0.07198091579134631,0.5421363456264117,5.946883468834688
Syriana_0365737,26654,0.2795452840099047,0.06193285740087604,0.4679680343057882,9.020601148260722
T2 3 D Battle Across Time_0117880,7864,0.4072990844354018,0.03712250186465719,0.4579714855332132,9.839799749687108
TMNT_0453556,20887,0.32091731699143006,0.03484535168171747,0.4415336052836054,7.281631230393866
TRON 2 0_0208650,19163,0.3147210770756145,0.039396313860871425,0.4571114126731209,7.030623405030988
Take Shelter_1675192,18465,0.2397508800433252,0.03541326611368942,0.41345890460804025,7.168670027142303
Taken_0936501,19478,0.26578704179073825,0.11588494067660746,0.4770023918407,7.510204081632653
Taking Lives_0364045,19025,0.28178712220762153,0.03495733299390854,0.43211015047831813,5.733373457718929
Taking Sides_0665723,14423,0.27913748873327326,0.0561414965070971,0.45324418168168173,7.658898305084746
Tall in the Saddle_0037343,27227,0.20564145884599846,0.021396586517603698,0.4544466549245963,10.579171506000774
Talladega Nights The Ballad of Ricky Bobby_0415306,18820,0.29054197662061637,0.09540292027752081,0.48410771047134654,7.971610169491526
Tamara Drewe_1486190,20458,0.26097370221918076,0.05213451591300859,0.49883724037400473,6.012452939472922
Tarzan s Secret Treasure_0034266,23758,0.2966158767573028,0.03726963888601819,0.45782110609696863,13.467082860385926
Taxi Driver_0075314,17494,0.2891277009260318,0.10893905272163973,0.4609045967401577,7.992255125284738
Team America World Police_0372588,10431,0.3710094909404659,0.06052911467020812,0.49008057118626824,10.77296181630547
Tender Mercies_0086423,18475,0.19848443843031124,0.0751151237315552,0.48513425586510256,6.984422492401216
Tenet_6723592,26421,0.26524355626206425,-6.339980799117427e-05,0.42262383396517983,8.944820582261341
Terminator 2 Judgment Day_0103064,30398,0.2642608066320153,0.0065684382013170995,0.4435109390137716,8.727116212338593
Terminator 3 Rise of the Machines_0181852,23793,0.3113520783423696,0.023679642308097378,0.4342795732748261,7.618210862619808
Terminator Salvation_0438488,22526,0.31781053005415966,0.010236002875163037,0.45195164731102205,10.791487326637972
Terms of Endearment_0086425,27453,0.23924525552762904,0.11147027423437066,0.5233669127521022,8.181466030989274
Testament of Youth_1441953,26653,0.24079840918470716,0.09774990627787736,0.4983738511804243,9.085743450153114
Texas Chainsaw_1572315,10916,0.2961707585196042,0.054760489453154634,0.4559691490786528,10.084870848708487
Thank You for Smoking_0427944,19031,0.28973779622720824,0.12974521481425558,0.48645574870865493,7.815422477440525
The 40 Year Old Virgin_0405422,16493,0.24070817922755108,0.07873735801287836,0.513617807951329,6.397058823529412
The 6th Sense_2016299,20929,0.23574943857804959,0.04267915853987282,0.46734091820877544,6.599434495758718
The 7th Voyage of Sinbad_0051337,27226,0.26390215235436715,0.08692224880382783,0.521136806663122,12.27416440831075
The A Team_0429493,20253,0.33032143386165014,0.04298189703610061,0.45338028408824915,5.289243437982501
The Abduction_0115452,19853,0.26434292046542085,0.027452546459173787,0.41123490029062804,7.9763052208835346
The Abyss_0096754,25330,0.28456375838926173,0.024598696952788792,0.46003681055874707,7.89227895392279
The Accidental Tourist_0094606,26324,0.23579243276097858,0.04783845613808851,0.5105598432069011,7.519406392694064
The Accountant_2140479,22895,0.3540947805197641,0.04737039019272261,0.45742876290755907,7.127633209417596
The Addams Family_0101272,6904,0.4239571263035921,0.01987232655811757,0.47845471282971297,7.709030100334449
The Adjustment Bureau_1385826,20974,0.27467340516830363,0.042068091204148166,0.4422625458832353,7.387740805604203
The Adventures of Buckaroo Banzai Across the 8th Dimension_0086856,19051,0.369639389008451,0.05822415572692526,0.46967965154818897,8.428571428571429
The Adventures of Ford Fairlane_0098987,21622,0.2870687262972898,0.030227247450481765,0.5201245154944708,8.359260685406237
The Adventures of Tintin_0983193,19693,0.28954450820088357,0.013681684997864388,0.46353574898467803,7.512633996937213
The Aeronauts_6141246,16377,0.24253526286865726,0.0805410318397332,0.471374300753359,8.896308360477741
The African Queen_0043265,31704,0.24526873580620742,0.08232149221473274,0.527190821537603,9.969403684046206
The American President_0112346,23019,0.2422781180763717,0.13982326386738164,0.45958578605637446,7.860040567951319
The American_1440728,19117,0.29586232149395825,0.06015830531140332,0.42176735608291754,7.542553191489362
The Amityville Asylum_2216212,16580,0.24408926417370325,0.008713564954675903,0.4708129972289267,8.935883620689655
The Angriest Man in Brooklyn_1294970,23123,0.22332742291225188,0.07401513465765804,0.4308856975245492,8.239501779359431
The Anniversary Party_0254099,15971,0.26685868135996493,0.10582647293553502,0.5272267689290384,6.314173228346457
The Anthropologist_2462276,24940,0.2222534081796311,0.05531530136530143,0.4091004107004105,9.203983769826632
The Apartment_0053604,28434,0.20869381726102554,0.055827790895972736,0.4831676326428393,10.15203426124197
The Arrival_0115571,20916,0.34366035570854847,0.06184849174895886,0.4721771733604476,6.836569579288026
The Artist and the Model_1990217,9230,0.2945828819068256,0.06790117406972461,0.46265925099891686,12.28058510638298
The Artist_1655442,14097,0.267078101723771,0.07588502038786134,0.4636613264681447,12.053846153846154
The Assignment_0118647,29293,0.22196429181033012,0.04194052687441117,0.42207412376420683,9.040652910378812
The Atomic Submarine_0052587,14431,0.33164714849975746,0.03613133245722531,0.5032759229306848,9.551248357424441
The Avengers_0118661,19908,0.31861563190677117,0.008732991040578385,0.4709834779485435,6.60857726344452
The Avengers_0848228,18679,0.32223352427860164,0.011416628525659351,0.4715166665607192,6.584237165582068
The Aviator_0338751,28094,0.2636506015519328,0.10044252297019957,0.5004114333598636,7.416622269579116
The Babadook_2321549,21992,0.23699527100763915,0.00782463359312903,0.49109878509179644,7.158219623131904
The Babysitter_4225622,12933,0.2980746926467177,0.03131936918857448,0.4958884445208943,6.761755485893417
The Back up Plan_1212436,17594,0.23706945549619188,0.10094991189448876,0.5102695242117169,6.403839188699746
The Ballad of Buster Scruggs_6412452,20016,0.3035071942446043,0.029091499141445952,0.4187048684030114,8.538099315068493
The Base_0185908,18485,0.23959967541249663,0.04018513952404002,0.46095253740654296,7.453666398066075
The Battle of Shaker Heights_0357470,16522,0.2728483234475245,0.03576028965937223,0.5020958717633028,6.658752515090543
The Beaver_1321860,22586,0.23793500398476933,0.05234548796340585,0.4840793613846024,7.728796169630643
The Beguiled_5592248,13667,0.2503109680251701,0.09707245014694268,0.4848936303434709,8.559449311639549
The Believer_0247199,19959,0.31299163284733705,-0.004700340344279743,0.4659708973886466,7.342460752099306
The Best Exotic Marigold Hotel Behind the Story Lights Colours and Smiles_5173200,20489,0.2464737176045683,0.11934007213025066,0.4734214198499919,7.185874912157414
The Best Exotic Marigold Hotel_1412386,22063,0.25091782622490144,0.08730007841597873,0.4342265705771463,7.125323834196891
The Best Little Whorehouse in Texas_0083642,23669,0.2411593223203346,0.05572442029044469,0.48424522386552427,9.655438311688311
The Big Blue_0095250,22701,0.2413550063873838,0.06208145585889382,0.46883288739857104,7.274100257069409
The Big Easy_0092654,21288,0.29312288613303267,0.017944660169534544,0.44447272678930977,6.89873417721519
The Big Lebowski_0118715,13878,0.31603977518374404,-0.0530074068104591,0.5056007777751965,7.955747126436782
The Big Short_1596363,23633,0.27757796301781407,0.03275796486671899,0.4892160668617624,7.459238275102297
The Big Sick_5462602,18608,0.22871883061049011,0.08762966590213778,0.5046490019032156,6.6563169164882225
The Big Sleep_0038355,33484,0.19749731214908614,0.014853194927138604,0.4706664176981074,8.291120455107594
The Big White_0402850,19039,0.2730710646567572,0.028197880783350872,0.4599809872779953,7.552433715868619
The Birds_0056869,27651,0.2137716538280713,0.03230758153586205,0.4885415943963292,7.608397365532382
The Birth of a Nation_4196450,18821,0.2952552999309282,0.0839864508051388,0.39816587531540776,8.335985853227232
The Black Dahlia_0387877,33132,0.26279729566582155,0.038369826333865306,0.40921983376757287,8.528765021733571
The Blair Witch Project_0185937,11266,0.3530978164388425,-0.0041216968021545565,0.4315830665595925,8.555219364599091
The Blast from the Past_0581053,20911,0.26942757400411266,0.1111674946790477,0.47762590329378635,6.295488497161637
The Blind Side_0878804,23278,0.24147263510610878,0.05598078718472937,0.39803541413684007,8.95663852647736
The Bling Ring_2132285,13915,0.2572763205174272,0.08046530683211324,0.4847798366944709,9.18525766470972
The Blue Hotel_0554018,29819,0.2501760622421946,0.04591815261640242,0.47524522213055725,11.806122448979592
The Body Snatcher_0037549,21687,0.21100198275464563,0.04837108861181616,0.47377978377621766,9.890304961310878
The Bodyguard_0103855,29002,0.23008758016688505,0.07688182940480737,0.45500127764833675,7.8498920086393085
The Bonfire of the Vanities_0099165,22554,0.2344595193757205,0.0537176030192639,0.4644875845104851,6.180673419107583
The Book of Eli_1037705,25856,0.24532023514851486,-0.005588169656464911,0.4778339401128263,8.205583756345177
The Boondock Saints II All Saints Day_1300851,20227,0.3032580214564691,-0.00015690838854295013,0.44734425012359974,6.924406779661017
The Boondock Saints_0144117,24239,0.24221296258096456,0.013261177630949694,0.46795521469917933,8.199460006749916
The Boss_2702724,18172,0.2942989214175655,0.09109854196867667,0.5050252392318259,6.930091185410334
The Bourne Identity_0258463,20637,0.23457866938023939,0.026288301897961837,0.4160724961496353,9.271422162404665
The Bourne Supremacy_0372183,20037,0.283026401157858,0.024243164908632524,0.43543337917078884,7.957312252964427
The Bourne Ultimatum_0440963,16007,0.2835634409945649,0.014684094545009437,0.39780220482752165,7.348519362186789
The Box_0362478,19720,0.24984787018255578,0.018957978048887127,0.410213729405649,7.099676142497302
The Box_0928188,19612,0.26111564348358146,0.0187382665643535,0.4110186914534744,6.813129558874609
The Boxtrolls_0787474,19897,0.2702417449866814,0.016113420067335245,0.44635437111375104,9.216666666666667
The Boy Next Door_3181822,21256,0.2604441098983816,0.08880523638632822,0.4898506622596814,7.286795048143054
The Boys 1x1 REACTION The Name of the Game_11511586,12196,0.3653656936700558,0.0064152216900977485,0.5080715589886976,6.56186395286556
The Brady Bunch Movie_0112572,17819,0.25888096975138897,0.11880441343591945,0.5025117222557498,7.289689034369886
The Brave One_0476964,20718,0.2503620040544454,0.019386091326519625,0.47306441565592394,7.378868729989327
The Break Up The Omen Peaceful Warrior An Inconvenient Truth Twelve and Holding The Puffy Chair_7217830,15941,0.2625305815193526,0.03428085108176927,0.4741463706947846,7.122376060741402
The Breakfast Club_0088847,11857,0.2693767394787889,0.02681869720977304,0.47706428931831457,6.553318824809575
The Bridges of Madison County_0112579,19204,0.2490106227869194,0.09602674748295247,0.5180308473577706,7.867731367731368
The Brothers Bloom_0844286,21691,0.26029228712369185,0.07063416145564363,0.4615965027155147,8.317417876241405
The Bucket List_0825232,20673,0.2782373143714023,0.07654222577141492,0.46058277251165175,8.099141295862607
The Bunker_0252963,21689,0.2597630135091521,-0.02675873213441147,0.4322576103445674,8.913651315789474
The Bunker_1877788,15309,0.2614148540074466,0.01033884085247339,0.42685383445786157,7.889232354456466
The Burrowers_0445939,22043,0.2567254910856054,-0.021500727559679536,0.425602245886089,7.5182926829268295
The Butterfly Effect_0289879,21386,0.2688674834003554,0.0005809434272637682,0.49412634903976926,8.092249527410209
The Cabin in the Woods_1259521,20626,0.28056821487443034,0.06739074044263457,0.48821219477294814,9.763705103969754
The Cable Guy_0115798,18799,0.24139581892653864,0.10931310011434456,0.48347563247760905,7.338132295719844
The Cell_0209958,19782,0.3238802952178748,0.034290821570233304,0.4909600203717843,8.528172043010752
The Change Up_1488555,20091,0.29814344731471804,0.04914332609700526,0.5157300887974653,7.914050235478807
The Changeling_0080516,13613,0.28935576287372367,0.014636827620318173,0.4894051079074674,10.518146718146719
The Chronicles of Narnia The Lion the Witch and the Wardrobe_0363771,22443,0.2902464019961681,-0.020494864474356674,0.47973035163139294,5.936432886787497
The Cider House Rules_0124315,23730,0.2445006321112516,0.08589913118075915,0.5183628508588194,8.069538670284938
The Cincinnati Kid_0059037,23055,0.21678594664931686,0.12076268151760675,0.45058994372173694,9.558592132505176
The Client_0109446,23896,0.25066956812855706,0.031213379516700702,0.4585391825414244,7.492962152017516
The Cocoanuts_0019777,10897,0.26768835459300727,0.13244586635701863,0.4901188176902463,7.531444367657222
The Comedian_1967614,19802,0.28714271285728715,0.0808401089245462,0.5090959807466452,7.245710113179992
The Company Men_1172991,23289,0.2906093005281463,0.04244145383125645,0.441602000582264,8.240014139271828
The Company of Wolves_0087075,12654,0.257230915125652,-0.03938874324294671,0.44464263263061027,8.898860398860398
The Confessions of Felix Krull_0083383,18447,0.2500677616956687,0.035799210045646936,0.44756143317391417,9.744568097509275
The Conjuring_1457767,24503,0.2245031220666857,-0.018035658000518814,0.39655794270423056,10.896536412078152
The Conspirator_0968264,22849,0.28443257910630665,0.05357973165836895,0.47327444731952917,7.810156782549421
The Cooler_0318374,19494,0.27469990766389657,0.03397430777587504,0.4517467961408511,6.9530081879672485
The Corruptor_0142192,519,0.5857418111753372,-0.010539215686274517,0.39436274509803926,13.68421052631579
The Craft_0115963,18777,0.3142674548649944,0.023874007855983308,0.4562854720676152,6.284517426273458
The Crazies_0455407,19454,0.33062609232034545,-0.01821194947192288,0.4214191031022339,7.507514450867052
The Croods_0481499,15052,0.2749136327398352,0.05587096328172985,0.4904512904512903,6.08316511909568
The Crow City of Angels_0115986,15172,0.31656999736356445,-0.031721954475039484,0.42769925534550773,9.061978545887962
The Crow Salvation_0132910,17710,0.3078486730660644,0.005976962305307825,0.4394306647653422,7.025742574257426
The Crow_0109506,18219,0.3336626598605851,0.009542956342198757,0.4661080425907271,7.79539641943734
The Crowded Room IMDb_0411256,26078,0.2432701894317049,0.015890711253002624,0.44468663481182447,7.907110438729198
The Crying Game_0104036,13703,0.23571480697657446,-0.006356740794039859,0.4985412278860828,5.997375328083989
The Cure Boys Don t Cry_8085166,4842,0.355638166047088,0.06196555722585221,0.4517785442318155,6.717842323651452
The Curious Case of Benjamin Button_0421715,33464,0.20601243126942387,0.07033925218218112,0.43696742730123345,7.031458333333333
The Cutting Edge_0104040,23459,0.2806172471119826,0.027020296680041737,0.47164136677294594,8.462783171521036
The Damned United_1226271,17133,0.29632872234868385,0.061933334486183766,0.5095849194378608,6.6523588553750965
The Danish Girl_0810819,16155,0.2913030021665119,0.05672929384130238,0.5132956289296573,6.743739565943239
The Darjeeling Limited_0838221,24600,0.20829268292682926,0.0794749038593873,0.4388630617134954,8.273521505376344
The Dark Knight Rises_1345836,25988,0.254732953670925,0.03629764660761485,0.460871137484894,7.067388362652233
The Dark Knight_0468569,25582,0.27742162457978264,0.0784841691970929,0.4793302808302805,7.442960812772133
The Dark Years_0879974,22323,0.231286117457331,0.06482195955086582,0.4836144466644472,7.262342691190707
The Day After_0085404,32059,0.3294550672198135,0.007549505427262459,0.45279834192817575,8.132118451025057
The Day the Clown Cried_0068451,32383,0.20217398017478305,0.05778804867270409,0.5063486505852393,9.350245027385414
The Day the Earth Stood Still_0043456,24460,0.23957481602616518,0.07254857308621511,0.5079795490704582,10.966457960644007
The Death of Stalin_4686844,23315,0.29581814282650654,0.00868267853180495,0.47221692598053433,6.395348837209302
The Debt_1226753,23437,0.23787174126381364,0.04921664131323216,0.47125078961442635,8.076031367200818
The Deep End of the Ocean_0120646,6940,0.2750720461095101,0.13198229065048786,0.48740928102630177,5.923273657289003
The Deer Hunter_0077416,25690,0.24624367458154925,0.004829244558382704,0.4665931348657945,7.854351145038168
The Departed_0407887,25107,0.2579360337754411,0.05505626832404445,0.48547596167490287,6.971018492961634
The Descendants_1033575,19806,0.24558214682419469,0.037461530758865325,0.49838500508779165,7.3380229544613105
The Descent Part 2_1073105,15684,0.32887018617699565,-0.0168825072618327,0.44392608903106556,6.018000765990042
The Descent_0435625,17536,0.28079379562043794,0.011389392229335576,0.46276727256661415,10.33470588235294
The Design of The Good Place Janets_12543550,5312,0.39231927710843373,0.09254965622126098,0.4976406502884488,7.722701149425287
The Desperate Hours_0047985,23643,0.24793807892399441,0.018541923268712842,0.4761964956877744,8.220922229869236
The Devil Wears Prada_0458352,19254,0.26129635400436274,0.08565503629135507,0.5170286201112975,6.893700787401575
The Devil s Advocate_0118971,21456,0.25918158090976884,0.07821697783302677,0.5065161098672398,6.546341463414634
The Devil s Own_0118972,22340,0.2997314234556849,0.10162118106134692,0.4492624108382402,7.478260869565218
The Diary of a Teenage Girl_3172532,19494,0.2530009233610342,0.05921999450943008,0.5052536593491728,7.078402903811252
The Disaster Artist_3521126,597,0.6247906197654941,0.2529537286612758,0.5243635819107518,7.658227848101266
The Distinguished Gentleman_0104114,22849,0.28167534684231255,0.15268923790291739,0.502728771871984,7.086553323029366
The Diving Bell and the Butterfly_0401383,18670,0.28468130690948046,0.10685507534666205,0.5151919029359857,8.225792253521126
The Doors of Perception_4649358,17226,0.321664925113201,0.05451590465181896,0.4361655496251873,8.958527734577501
The Doors_0101761,34433,0.28208404728022535,0.07100515512223748,0.4905199580872378,9.40032724297791
The Double_1825157,18931,0.24061063863504306,0.03581152020692838,0.46065646258503407,7.4555817610062896
The Driver_0077474,5046,0.36048355132778437,-0.03118727188283641,0.3633337189990422,5.91421856639248
The Duchess of Langeais_0781435,19993,0.2572900515180313,0.09583440571460722,0.4896683791670692,8.415966386554622
The Edge of Seventeen_1878870,16094,0.2957623959239468,0.0489764106400136,0.5350165011459129,7.747838616714698
The Egyptian_0046949,32515,0.23653698293095493,0.03387275211144274,0.4904589651865102,13.427512355848435
The Electric Horseman_0079100,23976,0.3158158158158158,0.05194176431892308,0.4564186795477912,7.315773353751914
The Empty Mirror_0116192,27451,0.2828312265491239,0.03600819672248242,0.4789048674762958,9.594980829557336
The End of the Tour_3416744,15018,0.3049673724863497,0.09966277917200275,0.52025273062718,7.64
The English Patient_0116209,20475,0.30774114774114775,0.0495101261205291,0.46910983266246414,8.032536260290083
The Equalizer_0455944,16431,0.3458706104315014,0.016496180739751093,0.4286621237226383,6.352145342095091
The Exorcist_0070047,9739,0.2608070643803265,0.05095430546673445,0.41406806240897165,6.947183098591549
The Expanse_3230854,25107,0.26012665790417017,0.026806299535360872,0.4440886921769276,7.899253731343284
The Expendables_1320253,19794,0.30332423966858646,0.012252402708219383,0.4774619502455914,9.545935545935546
The Fabulous Baker Boys_0097322,23897,0.22868979369795372,0.04737426548170929,0.5146426423919396,6.577740955537144
The Faculty_0133751,24542,0.28188411702387745,0.01638492613905839,0.465340016273901,6.749722530521643
The Family Man_9544034,25958,0.2455119808922105,0.10810578594585946,0.43864416805593254,7.413909141895681
The Farewell_8637428,15862,0.2878577732946665,0.07279574901857748,0.4702586930687949,6.910767910767911
The Fast and the Furious_0232500,19580,0.31731358529111336,0.048964607520005254,0.4364409626568716,6.596632996632997
The Fault in Our Stars_2582846,8720,0.3091743119266055,0.042910114976742325,0.4972235521292124,7.304674457429049
The Favour_10714870,16834,0.255079006772009,0.06683957990104958,0.5027608940024197,6.5395962732919255
The Fifth Element_0119116,10808,0.29709474463360475,0.031049333393354195,0.4571526292886778,9.43717277486911
The Fifth Estate_1837703,26258,0.29160636758321273,0.04379392756482726,0.46053967617661923,8.701453104359313
The Fighter_0964517,22938,0.2674165140814369,-0.016887977423835084,0.42116275593920943,9.640350877192983
The Final Terror_0082379,20072,0.25229174970107615,0.038889597694644625,0.48424875333168294,8.230737704918033
The First Separation_0793669,10975,0.35699316628701594,0.04480876584712562,0.4063052448237632,7.914450035945363
The Fisher King_0101889,25353,0.2707766339289236,0.020908647910959956,0.5583542686682041,7.51098740111339
The Flintstones_0109813,24775,0.3008678102926337,0.08271471586698605,0.46806709712370115,8.976449275362318
The Flintstones_5161338,24775,0.3008678102926337,0.08271471586698605,0.46806709712370115,8.976449275362318
The Florida Project_5649144,15197,0.2694610778443114,0.05709242203189317,0.4524637919684008,6.839928057553957
The Fly_0091064,8326,0.32932981023300506,0.06183263149895975,0.4901535799119,6.960735171261487
The Fog_0080749,15623,0.2638417717467836,0.029063312385638383,0.45338543138800863,8.998249708284714
The Fog_0432291,19065,0.3083661159192237,0.04778810094680194,0.4458225457367618,8.28342013888889
The Following_2071645,6335,0.5073401736385161,0.034309008961342674,0.4142150936588286,11.743542435424354
The Foundation_0495031,22236,0.2497301672962763,0.002167571028274469,0.47871398956419153,9.66131830008673
The Founder_4276820,17850,0.32123249299719886,0.0974397105642312,0.48397998388795915,7.022370486656201
The Four Feathers_0240510,17281,0.25924425669810774,0.031031552295441186,0.44011992945326306,8.232524964336662
The Fourth Kind_1220198,16197,0.3280237080940915,0.02501513486119312,0.42911306790852244,7.957528957528957
The French Connection_0067116,17968,0.2759906500445236,0.03943425951039408,0.3880121506236161,9.320910973084887
The Frighteners_0116365,24212,0.2779613414835619,0.0008304982135403163,0.440242057663688,7.524025974025974
The Front Runner_7074886,21638,0.29120066549588686,0.06436983354085866,0.40330205514305933,6.488016776512882
The Fugitive_0106977,22636,0.2596748542145255,0.036310734347619625,0.4325391339079866,7.465766951942067
The Gambler_2039393,22152,0.24237089201877934,0.03184880353432389,0.4580355240536229,8.617920868890613
The Game_0119174,23221,0.31273416304207396,0.018842605683585516,0.48316943640427346,6.23354735152488
The General s Daughter_0144214,20704,0.32447836166924265,0.016747193339361047,0.4578296075408415,7.352502662406816
The Getaway_0068638,21541,0.27584606099995357,0.04858046173619949,0.4131706795026464,9.147283531409169
The Giant Versus Superman Like an Arrow Shot at a Time of Despair_3261218,26220,0.27025171624713956,0.06132163343137616,0.4422300108074167,13.33046122655854
The Gift_0219699,19399,0.2508376720449508,0.024480163358569125,0.458427848946994,11.334696261682243
The Girl Next Door_0265208,20047,0.3284780765201776,0.0048591189709610814,0.47065595420858564,9.335351653469958
The Girl on the Train_3631112,16873,0.25555621406981566,0.00855051391966383,0.47098085344530843,7.040366208905534
The Girl with the Dragon Tattoo_1568346,12021,0.30205473754263373,0.03427926251317148,0.4490661126767873,8.509915014164307
The Godfather Coda The Death of Michael Corleone_0099674,24424,0.30482312479528334,0.055389510956238584,0.42110585331791905,9.314037079076806
The Godfather Part II_0071562,37140,0.21766289714593431,0.06930343792900787,0.47418951236200424,10.058076715289033
The Godfather_0068646,25632,0.2422752808988764,0.05681974417206483,0.4630797972148176,9.397300255381248
The Golden Eye_0040394,41778,0.19696969696969696,0.022705354856192846,0.44007196636386503,32.36638264910922
The Good Dinosaur_1979388,14218,0.25650583767055846,0.07871652984577686,0.4766128719602065,6.899563318777292
The Good Samaritan_2175086,19973,0.25474390427076554,0.020178348909216253,0.4411989451402715,6.43776133805082
The Goodbye Girl_0076095,23358,0.2854268344892542,0.025726692402550266,0.4555340524580718,6.759101251422071
The Goonies_0089218,33571,0.28956539870721754,0.029148909797208005,0.4641923401647877,6.187088514996343
The Graduate_0061722,21204,0.17807960762120353,0.07496783942881202,0.4615147933026495,7.077410744077411
The Grand Budapest Hotel_2278388,27395,0.2713268844679686,0.06423008582720936,0.4827717657973338,8.078893141006771
The Grand Tour_5712554,26474,0.2795195285940923,0.017358669965044704,0.4076487252702966,6.662125340599455
The Great Escape_0057115,36382,0.2737617503160904,0.016128897332457714,0.48559571362589965,7.445790554414784
The Great Gatsby_1343092,12227,0.35307107221722417,0.04897349620398211,0.5047239340798285,9.605180533751962
The Great Muppet Caper_0082474,21463,0.3198993616922145,0.1219784328036209,0.4977425682087334,7.476890756302521
The Great Outdoors_0095253,23042,0.2807481989410641,0.06704444120837093,0.48125874125874085,6.7370576191868965
The Greatest Showman_1485796,22427,0.26949658893298256,0.17849044047143078,0.5188925670289302,7.887565674255692
The Green Mile_0120689,27324,0.2547943200117113,-0.05825583765920773,0.46785865364957485,8.052770448548813
The Grifters_0099703,20649,0.25550874134340645,0.05992738872758953,0.46916271219484024,8.445079624336463
The Grudge_0391198,20060,0.24127617148554337,0.01649018397799281,0.39624435418648696,8.959839357429718
The Grudge_3612126,24891,0.20698244345345707,-0.008753002670342437,0.4340730193378498,7.613761467889908
The Guard_1540133,19047,0.25652333700845276,-0.00022945246889152858,0.48419991865629075,7.090672612411743
The Guest_2980592,22218,0.2133405347015933,0.08010140952335795,0.44321304412853685,7.255208333333333
The Hand That Rocks the Cradle_0008041,4136,0.32277562862669246,-0.07442411924119242,0.37552748741773145,17.714285714285715
The Hangover_1119646,18275,0.2958139534883721,0.0770377402388829,0.4970308131922569,7.784654514624841
The Happening_0949731,13710,0.2924142961342086,0.02183905263912795,0.4049546423169493,7.593576965669989
The Happy Prince_2404639,17473,0.28775825559434554,0.04717769688417274,0.4839726733684078,6.88985051140834
The Haunting in Connecticut_0492044,23672,0.2415934437309902,0.007250542837963707,0.43624442926974555,9.409361364537881
The Haunting of Hill House 1x1 REACTION Steven Sees a Ghost_11673608,11701,0.31766515682420304,0.03314430387974848,0.4691426118707859,6.9649435531788475
The Haunting_0171363,26312,0.24369109151717847,0.04468685797543938,0.5072731455576027,7.856162339600119
The Head Hunter_0085841,15233,0.26613273813431365,0.054896608128174956,0.4601013344907354,6.930706521739131
The Hebrew Hammer_0317640,18925,0.2800528401585205,0.026543750128489786,0.44176147988902364,8.318022747156606
The Help_1454029,26117,0.2392311521231382,0.03343467362799794,0.43749407985560695,6.905511811023622
The Hills Have Eyes_0454841,16795,0.28121464721643347,0.016197471099120835,0.40854128598417927,8.541307653319818
The Hindenburg_0073113,23962,0.3302311993990485,0.06682219193906994,0.46794830103863383,8.24974057419578
The Hitcher_0091209,23997,0.24657248822769512,-0.02856764698012565,0.413829841368172,9.820932134096484
The Hitchhiker s Guide to the Galaxy_0371724,21028,0.2866178428761651,0.08156970029706873,0.464859988421935,7.082077051926298
The Hobbit An Unexpected Journey_0903624,24987,0.2331212230359787,0.048468146561576844,0.4960841943352095,8.271617161716172
The Hole_1085779,18361,0.23288491912205217,0.0060099572238461255,0.4030057054057053,6.111184865582476
The Holiday_0457939,23779,0.26599100046259305,0.11785496027541485,0.5025716165147985,7.149062778934841
The Hollars_3714720,16735,0.2244995518374664,0.05728445834505516,0.5182892234028592,5.304045512010114
The Horse Whisperer_0119314,34639,0.20661681919223995,0.08865242953873996,0.4842426930843468,8.319894408447324
The Hospital_0067217,25815,0.2541545613015689,0.0032801385989602886,0.4447344367030352,8.870515886573283
The Hours_0274558,17374,0.2471509151605848,0.10062966760687445,0.49140909500533186,6.930223285486443
The House Bunny_0852713,17568,0.2802254098360656,0.13943797935278215,0.5155197407495848,7.693484914735461
The Howling_0082533,18095,0.29278806300082894,0.05799746534226403,0.46833135730786746,8.894762604013705
The Hudsucker Proxy_0110074,24330,0.2949034114262228,0.05031645789279101,0.45697379752425593,9.232048374905517
The Human Centipede First Sequence_1467304,20281,0.2877077067205759,0.0043755796287046275,0.41667114226769447,6.609090909090909
The Human Stain_0308383,20336,0.2958300550747443,0.03875534419706404,0.4726345929010158,9.306429548563612
The Hundred Year Old Mystery_1229165,22443,0.2902464019961681,-0.020494864474356674,0.47973035163139294,5.936432886787497
The Hunger Games_1392170,26631,0.28245278059404455,0.0604040810517961,0.49628956814693476,7.077554261514028
The Hunt for Red October_0099810,19797,0.32267515280092945,0.036116873525750055,0.4407215568879377,8.023481781376518
The Hurt Locker_0887912,18192,0.29589929639401935,0.04417776575276584,0.46132705936039325,8.199910152740342
The Hustler_0054997,17655,0.23290852449730953,0.0576327566210265,0.4547175633099386,7.184703010577706
The Ice Storm_0119349,17850,0.2687955182072829,0.050539959713968505,0.48335350446583863,8.82312252964427
The Ides of March_1124035,14782,0.26079015018265456,0.080528659734948,0.4688206289279912,7.08267164876226
The Imaginarium of Doctor Parnassus_1054606,15077,0.32327386084764875,0.0401218308724837,0.5048204716479167,6.334168755221387
The Imitation Game_2084970,19525,0.27774647887323944,0.024641208588309805,0.458096580917851,7.670588235294118
The Incredible Hulk_0800080,24221,0.2923083274844144,0.02281255696454729,0.44647956727631005,8.495495495495495
The Incredibles_0317705,22546,0.31717377805375674,0.07439661445904738,0.4872357861957093,8.315285451197054
The Insider_0140352,23740,0.2753580454928391,0.05312465683338326,0.4434288300797735,7.1157832395617415
The Interpreter_0373926,19744,0.29087317666126417,-0.0037549697820646586,0.4147830078508745,6.85274801244383
The Interview_2788710,23810,0.2527929441411172,0.16849975083869628,0.4914210191917421,7.40787841191067
The Invention of Lying_1058017,19954,0.23032975844442216,0.07863943454351839,0.504221624398328,8.071053693984659
The Invisible Woman_4055500,19630,0.28425878757004586,0.08633460260230812,0.4609802343548799,8.841588576528336
The Irishman_1302006,25496,0.22529024160652653,0.06781215642111747,0.43479374203794724,9.015199717214564
The Iron Giant_0129167,16959,0.31204670086679637,0.06393351304065588,0.5848672816529957,7.134340890008397
The Iron Lady_1007029,17515,0.3068798172994576,0.06462217451466301,0.4511826794510271,7.556940266437473
The Iron Throne Game of Thrones AWFUL Final episode_11628564,10198,0.3087860364777407,0.028295111965286838,0.45660053116181293,9.200900900900901
The Island of Dr Moreau_0116654,24353,0.26793413542479366,0.02502017019528692,0.4532910293191357,10.207199665131855
The Island_0399201,34436,0.25403647345800906,0.03607137009815583,0.42599623689802246,10.349230304859644
The Italian Job_0290675,18394,0.28737631836468414,0.10610619217053904,0.5163245373082079,8.624239588207768
The Italians of Egypt_6340290,21079,0.31249110489112386,0.07890794729030025,0.5199094109388225,7.79328165374677
The Jackal_0119395,25571,0.33189941730866995,0.06279842326816854,0.43076250448065756,10.01250977326036
The Jacket_0366627,26655,0.21328081035453011,-0.00392004826105244,0.5169130636913063,8.939626417611741
The Jacket_5937578,25913,0.22320842820206074,-0.005618974493974483,0.5135385320385318,8.584955460244144
The Jackie Robinson Story_0042609,19587,0.24317149129524684,0.05098120377191226,0.43788828711677397,8.901178603807796
The Jazz Singer_0018037,18183,0.22130561513501623,0.04903106318284888,0.42930200706580585,14.660543130990416
The Jerk_0079367,19938,0.3190390209649915,0.11287631751847577,0.49359181939555774,7.092677750265299
The Jetsons Meet the Flintstones_0192175,24219,0.29258020562368386,0.08448497118254725,0.4688955350637596,9.073893473368342
The Jolson Story_0038661,18419,0.20983766762582115,0.1244908809129136,0.5090379765425136,7.337420886075949
The Karate Kid_0087538,18170,0.3186020913593836,0.08176230226726916,0.4600852734462004,6.978862413528056
The Kids Are All Right_0842926,13797,0.2873088352540407,0.07785153875792312,0.522197806968581,6.445374244537424
The Killer_0097202,3915,0.367816091954023,0.10030525241551849,0.4943484135214175,5.7073170731707314
The Killing of a Sacred Deer_5715874,18186,0.21175629605190807,0.16276446942413367,0.4943054898727161,6.977002683020315
The King of Comedy_0085794,24411,0.21637786243906434,0.08851567531652277,0.4716924342136195,7.844566268945502
The King s Speech_1504320,18898,0.3280241295375172,0.05073447168415393,0.5216810110793162,7.34373795761079
The Kingdom of Heaven IMDb_3762612,26825,0.25178005591798697,0.025828018729724303,0.4372026547161202,8.118444846292947
The Kingdom_0431197,24882,0.3019853709508882,0.05468186480259413,0.441633681328163,8.80675818373812
The Kings of Summer_2179116,17473,0.3192353917472672,0.03289320352496552,0.4893566475598935,5.712710765239948
The Lady in the Van_3722070,14405,0.2706699062825408,0.041855672880843776,0.5028755792260611,5.397814207650273
The Ladykillers_0048281,22217,0.29900526623756585,0.07460974159963119,0.4701157284980818,9.07952691680261
The Ladykillers_0335245,22216,0.2989737126395391,0.07460974159963119,0.4701157284980818,9.082415340677274
The Lake House_0538279,18312,0.2537134119702927,0.0605594099335688,0.46153207679116187,6.355386214063041
The Last Black Man in San Francisco_4353250,18189,0.31293639012590024,0.035249934455943044,0.44539121107790636,7.429963459196102
The Last Boy Scout_0102266,26278,0.27597229621736813,0.00025739094895900694,0.5154340022239434,5.822930500221337
The Last Castle_0272020,26986,0.23623360260876008,-0.013569890293202337,0.4211926278304016,7.817549956559514
The Last Dance_0246748,22581,0.2651786900491564,0.0970597147175613,0.4810807716209182,6.189928845101259
The Last Flight_0022054,9839,0.28702103872344753,0.03523212267530459,0.4754315230224318,12.123152709359607
The Last House on the Left_0844708,18036,0.26458194721667777,0.01653312931910412,0.46966930726214595,9.245524296675192
The Last King_0364800,19941,0.2697958978988015,0.1152414959767902,0.5084772961243551,7.733617681271811
The Last Man on Earth_0058700,27692,0.29546439404882274,0.057213377218140966,0.483435644216894,7.450980392156863
The Last Picture Show_0067328,19849,0.26449695198750567,0.033380184052059024,0.49170567323301667,8.887147335423197
The Last Samurai_0325710,12479,0.30138632903277507,0.03460623690496572,0.4169506913362846,11.129464285714286
The Last Station_0824758,16864,0.2528462998102467,0.07064443233372944,0.5077330541308176,6.043323863636363
The Last Temptation of Christ_0095497,18613,0.27937463063450274,-0.006734099652911802,0.4557039551357734,7.4389465283320035
The Last of the Mohicans_0104691,20092,0.27991240294644637,0.021072391259940572,0.4262289182951645,7.936897106109325
The Legend of Zorro_0386140,25935,0.3108155002891845,0.051860953519334105,0.4883602256329526,10.330680461599682
The Lego Movie_1490017,19089,0.2771229503902771,0.09604394125873415,0.5380799748554311,6.957833515085423
The Leisure Seeker_3741632,21270,0.2701457451810061,0.13314225837112528,0.5229906556273456,7.573817146922803
The Leopard Man_0036104,23910,0.23182768716018404,-0.009945187970123046,0.4574607337107334,10.857596371882087
The Life Aquatic with Steve Zissou_0362270,30624,0.2230276907001045,0.048168584586575955,0.43068169827924163,7.916537467700258
The Life Of Pitti Peacocks_6672268,17433,0.28910686628807436,0.05941253148578017,0.4436944598406394,10.289411764705882
The Life and Death of Colonel Blimp_0036112,25330,0.29538097118041845,0.0807235969687141,0.43492395604560774,7.541399416909621
The Life of David Gale_0289992,19885,0.2928337943173246,0.03932608889495,0.479724740346711,7.36748986361961
The Lighthouse_7984734,14886,0.3528147252451968,0.04107021794986214,0.43993270525149414,6.108606557377049
The Limey_0165854,18117,0.2945851962245405,0.07182871108101165,0.46872530077284713,6.34875569575885
The Lincoln Lawyer_1189340,22586,0.27370937749048085,0.036733580758210496,0.4394224172994373,7.524188204108682
The Lion King_0110357,14630,0.3559125085440875,0.06656056934898769,0.5145776283863803,5.672086720867209
The Lion King_6105098,21855,0.24813543811484787,0.05091361995442577,0.551082351074087,7.745216158752657
The Lion in Winter_0063227,29295,0.21194743130227,0.09022941301617769,0.49872313235058335,9.084598698481562
The Little Mermaid_0097757,17255,0.2997971602434077,0.061373354817671776,0.5103645218417945,7.27177554438861
The Lobster s Cry_2150716,20561,0.2156509897378532,0.14619530002707576,0.4788068451352838,8.722457627118644
The Lobster_3464902,20561,0.2156509897378532,0.14619530002707576,0.4788068451352838,8.722457627118644
The Long Kiss Goodnight_0116908,25988,0.3376943204555949,0.007122357367509033,0.4943025562808876,6.50575
The Lorax_1482459,20036,0.2435615891395488,0.08711602807799655,0.480584662157181,7.773993808049536
The Lord of the Rings Halloween Autumn Sonata Goin South Dogs The Dragon Lives The Hills Have Eyes_3438082,5565,0.4323450134770889,0.03388200119135285,0.452879961387424,6.291666666666667
The Lord of the Rings The Fellowship of the Ring_0120737,19897,0.24651957581544956,0.10148641261414981,0.5012520618068067,6.123885644020904
The Lord of the Rings The Return of the King_0167260,11782,0.3058054659650314,0.017255410253598908,0.4926033419985033,8.18560606060606
The Lord of the Rings The Two Towers_0167261,16439,0.2731917999878338,0.026373509744580092,0.40579406704406734,9.150555555555556
The Lord of the Rings_0077869,29671,0.25091840517677194,0.06369338112709129,0.4868490752610919,7.702959830866807
The Losers_0480255,17911,0.33521299759924067,0.016264009333280545,0.44529746777278534,6.588970588235294
The Lost Boys_0093437,17784,0.2718735942420153,0.06586001518244405,0.4740413137135037,7.117905675459633
The Lost City of Z_1212428,28397,0.29228439623903935,0.06405185340453196,0.4745760666268766,8.539892021595682
The Lost Son_0144286,82125,0.11273059360730593,0.0586551442238646,0.44461024231166435,20.250061289531747
The Lost Weekend_0037884,27542,0.2555006898554934,0.040264574131761655,0.46908293236418247,9.266284171447857
The Lost World Jurassic Park_0119567,30606,0.23224204404365156,0.00854225852272727,0.46073148040781914,11.36906528189911
The Lost World_0016039,30087,0.23648087213746802,0.015075661358556088,0.46489454081559295,11.212504652028285
The Love Witch_3908142,14708,0.30344030459613813,-0.00823829357824368,0.45487574830615685,6.3276010318142735
The Low Life_0110400,14035,0.25358033487709297,-0.0053840966929670836,0.43938167002968753,6.48175519630485
The Maltese Falcon_0033870,36022,0.3342124257398257,-0.022046339114569387,0.4803522431134371,10.003990877993159
The Man Who Invented Christmas_6225520,16743,0.3038284656274264,0.07198319497617366,0.452026158616348,6.631474891261368
The Man Who Knew Too Much_0049470,32850,0.1884931506849315,0.040541899799534514,0.429135036688147,8.34060697266115
The Man Who Wasn t There_0243133,14623,0.3034261095534432,0.045555439867534915,0.4451107209339839,7.868279569892473
The Man from U N C L E_1638355,20569,0.259419514803831,0.07229328692788162,0.44551076454232835,8.307909604519773
The Manchurian Candidate_0368008,23017,0.30616500847199896,0.06049256145544922,0.4822961520672005,10.72526957337084
The Martian_3659388,20435,0.286469292879863,0.05238193224141971,0.45112765282279743,7.056299347751459
The Mask of Zorro_0120746,24175,0.263205791106515,0.06513843087456753,0.4646148233574708,7.850634559062805
The Mask of the Man in the Iron Mask_0987249,24707,0.23863682357226698,0.09202719976379996,0.5026519832136912,9.8562874251497
The Mask_0110475,22568,0.2870436015597306,0.05114902689311259,0.4807551368069276,7.91777466759972
The Master_1560747,19169,0.281078825186499,0.10989744093360743,0.44275331309814087,6.73896285914506
The Matrix Reloaded_0234215,16752,0.30724689589302767,0.009378156840518181,0.465148438020863,9.141949152542374
The Matrix Revolutions_0242653,23854,0.2657835163913809,0.08187408498099703,0.48546293334470664,9.089074990483441
The Matrix_0133093,20893,0.2553486813765376,0.005233382124145415,0.4413612736011582,8.301707026597857
The Maze Runner_1790864,22294,0.260742800753566,-0.009280479386746766,0.42046006381194145,7.938385269121813
The Mechanic_0472399,26370,0.26753886992794845,0.05674030833722054,0.4590470055838021,7.251027678816114
The Meddler_4501454,19608,0.25132598939208484,0.09172417503610865,0.46889462627000356,7.2225082751011405
The Meg_4779682,22874,0.2880563084725015,0.09592294973544968,0.481502465127465,8.871317829457364
The Men Who Stare at Goats_1128598,20166,0.2937617772488347,0.04960971816644898,0.468729445340984,7.615183246073299
The Men Who Stare at Goats_1234548,14457,0.30926194922874733,0.035239714319066535,0.46284237476715334,8.049778761061948
The Messenger The Story of Joan of Arc_0151137,29924,0.2248696698302366,0.09836014508544254,0.46969840962383586,8.760997067448681
The Meyerowitz Stories_5536736,24241,0.23633513468916298,0.11814037860287874,0.49210235912235917,6.871557054525014
The Middleman_1122770,22367,0.236375016765771,0.023595377108523663,0.48873222869084976,7.291098115659519
The Midnight Meat Train_0805570,19666,0.242398047391437,0.0002874812753026422,0.4315728787075198,8.065163934426229
The Miracle Worker_0056241,2794,0.48783106657122405,-0.02802082455696913,0.49889323026371263,10.00711743772242
The Mirror Has Two Faces_0117057,24402,0.24211130235226622,0.20812778130594914,0.6055937516701403,7.5431409062693975
The Mist_0884328,25028,0.28472111235416336,0.012379499644783501,0.4710426973964093,8.409469823274424
The Mothman Prophecies_0265349,23288,0.2809601511508073,0.0653788197385344,0.4575130722990767,7.92393509127789
The Mummy Returns_0209163,23579,0.2557784469231095,0.02378374601069096,0.4760515688662542,9.077692307692308
The Mummy Tomb of the Dragon Emperor_0859163,24061,0.2629566518432318,0.03514213824825691,0.4749570890288926,9.9557119205298
The Mummy_0120616,25293,0.245008500375598,0.0017663936460086168,0.4846464127371302,9.454783258594917
The Muppets_1204342,18501,0.2963623587914167,0.07802788167797331,0.4860087247482498,7.2299610894941635
The Naked Gun 2 The Smell of Fear_0102510,18518,0.32363106166972677,0.06360498313732657,0.476455442777371,6.875323714391417
The NeverEnding Story_0088323,8099,0.28694900605012963,0.044892720522458615,0.5105681194668754,8.836083608360836
The New World_0402399,34566,0.2429844355725279,0.12917151913540356,0.4850232605810459,10.02495647127104
The Next Three Days_1458175,21455,0.24451176881845724,0.02419911048673547,0.45124290287490276,8.74989816700611
The Nice Guys_3799694,25128,0.31299745304043297,0.042616135387573396,0.45926706536127915,5.438604049978458
The Night Watchmen_4102722,21554,0.29358819708638767,-0.019003085614368437,0.432858191096213,7.157581764122894
The Night of the Hunter_0048424,21151,0.25473972861803224,0.0818429913959094,0.4429802704571578,7.681492109038738
The Nightmare Before Christmas_0107688,14332,0.3327518838961764,0.018176466675685416,0.5065591892234744,9.353515625
The Nines_0810988,13969,0.2966568830982891,0.032161110528401295,0.46647324938073814,6.683357176919409
The Numbers_0497647,21215,0.29300023568230027,0.028784576114121593,0.4855335020198658,6.541028781383956
The Nun_5814060,16119,0.28084868788386375,0.0205568949752118,0.4383345834583459,6.764779874213836
The Odd Couple II_0120773,19399,0.2703232125367287,0.05855514894709811,0.4412085581769708,6.694722318040704
The Old Dark House_0057379,12898,0.25360521011009457,0.023635048644627656,0.502292717014054,9.171997157071784
The Old Man the Gun_2837574,16551,0.2802247598332427,0.06214791277649446,0.4137213892443119,6.892531120331951
The Omega Man_0067525,10063,0.33777203617211565,0.0036816236202631726,0.4469613209760477,8.741963509991312
The Omen_0075005,20702,0.3099700512027823,-0.00359208875615124,0.4982943648943648,9.157042869641295
The Only Living Boy in New York_0460890,15607,0.25635932594348687,0.09198932587922413,0.5134228287862005,5.400068329347454
The Other Boleyn Girl_0467200,20437,0.28042276263639476,0.13047341585640093,0.47457036566658023,6.662987012987013
The Other Guys_1386588,21290,0.28924377642085486,0.07208157752134944,0.4616481873714815,7.3011965811965815
The Other Side of the Wind_0069049,18092,0.3097501658191466,0.08574179069904111,0.4657402921595805,9.142424242424243
The Others_0230600,8127,0.3327181001599606,-0.018215247340000865,0.4963949128038311,6.229371688115064
The Ouija Experiment_2364842,22001,0.2330348620517249,0.02537989301328852,0.4168028633886836,6.31444921316166
The Pacifier_0395699,21373,0.29415617835586955,0.05321073789364229,0.4738737220477414,6.763016724518776
The Paradise Virus_0352696,25031,0.2832887219847389,0.027418974754444228,0.4362720139563458,7.487992884672399
The Parallax View_0071970,24741,0.29740107513843417,0.0604367138005658,0.4729040638603678,7.201702877275396
The Parent Trap_0120783,22112,0.271571997105644,0.09581156481753521,0.4771025407881411,7.9880737260571015
The Passion of the Christ_0335345,21897,0.253733388135361,-0.019649745136842665,0.4602048993841926,10.622340425531915
The Past_2404461,16018,0.20682981645648646,0.005400896025896043,0.4329208559208563,6.965217391304348
The Patriot_0187393,28278,0.24333404059693048,0.01747902113669166,0.4454344535776786,8.488441909336535
The Peanut Butter Falcon_4364194,17276,0.2608821486455198,0.04809824390155002,0.4708620218315618,8.73346794548208
The Pelican Brief_0107798,21683,0.2548540331134991,0.03928125975000976,0.38086809753476464,7.892352301558535
The Perks of Being a Wallflower_1659337,17718,0.2509312563494751,0.10655521584896589,0.5049865367965368,6.482468955441928
The Personal Diaries_3328956,14791,0.34311405584477045,0.07512829705818924,0.5168587981954702,7.466399197592779
The Phantom Menace_6892482,23787,0.24795056123092446,-0.05533731502584979,0.5405940555029962,8.84499263622975
The Phantom of the Opera_0016220,29852,0.18337129840546698,0.04355632872874251,0.46379819687701457,11.623205277454405
The Phantom of the Opera_0293508,31555,0.17601014102360957,0.031863171340444064,0.44453668637759536,11.627062706270626
The Pianist_0253474,19292,0.2690752643582832,0.021692078973082934,0.45886374998579676,7.983471074380165
The Place Beyond the Pines_1817273,24792,0.25141174572442726,0.051730455177775296,0.4134423548983609,6.744531460977586
The Player_0105151,20528,0.26724473889321904,0.02186814396556391,0.4093938608840746,6.793503480278423
The Ploughman s Lunch_0086122,14690,0.31109598366235536,0.07298337032585005,0.4528285016699643,7.555213148433487
The Poseidon Adventure_0069113,23379,0.2711407673553189,0.07967671987880644,0.4644222615130237,6.944823494512014
The Post_6294822,18820,0.24202975557917109,0.0497295765123197,0.4870291961546232,7.552125100240578
The Postman_0119925,25042,0.24786358917019408,0.04177106224984668,0.4484783344416371,7.094659508335688
The Postman_7309648,25538,0.25338710940559167,0.04185297942941134,0.4454860640735252,6.953311617806732
The Power of One_0105159,25118,0.23843458874114182,0.053306639557947136,0.4356139889089682,7.566787003610108
The Predator_3829266,23352,0.3635234669407331,0.0072077122069888555,0.4607620855653269,6.836008170411438
The Prestige_0482571,24236,0.2594487539197887,0.08146199916014589,0.5043461541963121,7.518575851393189
The Private Life of Sherlock Holmes_0066249,22514,0.2601936572799147,0.04648463197635249,0.47097225472427406,9.02724358974359
The Producers_0063462,10344,0.339230471771075,0.06605887669710671,0.5355439588797253,5.455602536997886
The Program_0107889,23747,0.25497957636754115,0.02934493706244807,0.46053185963978877,7.854796320630749
The Prophecy_0114194,21407,0.27645162797215866,-0.0016368958058833685,0.44762687872779616,8.127942293090356
The Proposal_1041829,21094,0.2406845548497203,0.08532070628708655,0.5131043223934223,6.874064432150993
The Punisher_0098141,19582,0.2503319374936166,0.017064994866788568,0.42914844160256976,7.394212701991733
The Punisher_0330793,22434,0.33854863154141035,-0.011113276397010716,0.40120681213254433,7.114619513735397
The Purge_2184339,21915,0.2532511978097194,0.03646248389588559,0.4643805651694988,9.506487889273357
The Pursuit of Happyness_0454921,20054,0.22723646155380472,0.04025330716736969,0.3874355380344966,6.595136378573776
The Queen_0436697,16419,0.3093367440160789,0.07936705299076882,0.4614668826227047,7.317094774136404
The Rage Carrie 2_0144814,19537,0.2988176280902902,0.038079660008013695,0.46065138452333554,8.096241222635275
The Reader_0976051,14692,0.2617751157092295,0.07929175544664674,0.457528182767313,6.728395061728395
The Reader_9885352,14601,0.2590918430244504,0.07792637507193782,0.45681016754609804,7.11284046692607
The Reagans_12351448,38518,0.2549976634300846,0.10288542203845584,0.5119924470451213,7.387994697973869
The Relic_0120004,24487,0.27296116306611673,0.012890371018410948,0.4510278811835228,7.124782356355195
The Restless Spirit_0132471,19851,0.2836129162258828,0.03435110028860029,0.4811976024885857,17.40017513134851
The Revenant_5506074,21691,0.24918168825780276,-0.023532512824913688,0.45156572013400226,6.925973197192087
The Rider_6217608,14624,0.2561542669584245,0.04193776795996846,0.47255634839087046,7.025456292026897
The Ring_0298130,14662,0.2824989769472105,0.028190003888533283,0.4309149069443187,8.97251069028711
The Rise and Rise of Michael Rimmer_0066302,15398,0.3306922977010001,0.07841214961207263,0.4734101290765391,7.442176870748299
The Road_0898367,23207,0.21101391821433188,-0.0254848752640988,0.44459125629774093,8.111421585749214
The Rock_0117500,14270,0.3557112824106517,0.00039269939901961844,0.4320832995552098,6.104026845637584
The Rocky Horror Picture Show_0073629,13222,0.273181061866586,0.08525572480887439,0.49919151146316426,8.928619528619528
The Rookie_0265662,22286,0.2753746746836579,0.06927309143712931,0.4359744094846617,8.218579234972678
The Roommate_1265990,19598,0.24400449025410756,0.06296179664659868,0.4853235932732334,6.028255528255528
The Rover_2345737,17419,0.21866926918881682,-0.046527544685439355,0.42084844466423377,8.86412213740458
The Royal Tenenbaums_0265666,24094,0.21640242383996017,0.024335859231502478,0.4067060782891078,6.70075020839122
The Ruins_0963794,28568,0.20379445533464016,0.018224324286824273,0.434573884882479,8.758335882532885
The Rules of Attraction_0292644,27227,0.2557755169500863,0.019900579486669314,0.4831274041650091,7.629415011037527
The Russell Girl_1097649,22203,0.2576228437598523,0.030323014753348553,0.49509256748734215,7.9692140528793916
The Saint_0055701,22134,0.3051865907653384,0.04035863873079781,0.4621167741723299,7.172157622739018
The Saint_0120053,22134,0.3051865907653384,0.04035863873079781,0.4621167741723299,7.172157622739018
The Salton Sea_0235737,19303,0.26990623219188725,0.031419952478478515,0.47027285575695976,7.009130752373996
The Sandlot_0108037,17847,0.31540314898862554,0.04036107736164861,0.47690281194758827,6.808219178082192
The Sandwich Days_1629412,2718,0.41096394407652687,0.047715977446116,0.4415163963579469,7.8328530259366
The Savages_0775529,21385,0.2835164835164835,0.04590865217805905,0.47691811771031545,7.432928942807625
The Scarlet Letter_0114345,19363,0.22635955172235708,0.027861174099269335,0.49342763233239406,14.180232558139535
The Searchers_0049730,28372,0.24365571690398985,-0.00045620290968575685,0.4727497934635336,8.91219818124804
The Secret Life of Pets_2709768,15261,0.3173448659982963,0.045807476690231816,0.5161008444170204,6.483544303797468
The Secret Life of Walter Mitty_0359950,12522,0.2971570036735346,0.07383929503944278,0.456392880465997,9.030215827338129
The Sessions_1866249,15307,0.26020774808910957,0.08932919566562318,0.5146918464236008,7.6304780876494025
The Seventh Victim_0036341,24612,0.21684544124817162,0.024914681730825245,0.4640643947482508,9.459915611814345
The Shape of Water_5580390,18967,0.32013497126588286,0.07380827470320578,0.4460735943846186,6.9517190929041695
The Shift_1333015,12003,0.27743064233941517,-0.07104710765425055,0.48089014160442833,7.244270205066345
The Shining_0081505,14476,0.2129731970157502,0.12818541311470838,0.4784439233555925,6.09094684385382
The Shipping News_0120824,26544,0.30794153104279687,0.042563952952210556,0.46129734623241136,5.786211396259243
The Shipping News_7354772,27083,0.29453900971088876,0.04402247459714518,0.45973403609567604,5.844439682879794
The Siege_0133952,20921,0.2989340853687682,0.03233096268810554,0.4480044633887312,7.817164179104478
The Silence of the Lambs_0102926,27770,0.28195894850558156,0.05499880325683543,0.4574793776801815,8.9204618345093
The Silence_4603640,24349,0.2632962339315783,0.04943899891129793,0.4750339235628871,8.03690398432397
The Sisters Brothers_4971344,15311,0.28809352752922734,0.07695826172906513,0.4658117039060841,7.1332712022367195
The Sixth Sense_0167404,20174,0.23708734014077526,0.03953892529180714,0.4729761788803578,6.719019218025182
The Slowest Game_2941508,13821,0.25967730265537947,0.07110306991363777,0.48257683623022324,39.33048433048433
The Smurfs_0472181,21274,0.3329886246122027,0.028984292631833167,0.48915435900150567,7.367438645005185
The Social Network_1285016,27626,0.2323173821762108,0.1047170467242713,0.47392237376234,9.599100657212038
The Song of Names_1657517,19596,0.32981220657276994,0.05971602914094594,0.4237479570715841,7.652257815515245
The Sorcerer s Apprentice_0963966,21805,0.2842008713597799,0.04498202773131749,0.470478617342254,9.334891627709307
The Sound of Music_0059742,1005,0.5422885572139303,0.11235907871471257,0.46932290713980834,6.601307189542483
The Spirit of St Louis_0051003,23204,0.2743061541113601,0.08496218123713964,0.4715448098767566,9.91088260497001
The Spy Who Dumped Me_6663582,22873,0.2902986053425436,0.012265234132250528,0.5050748205565723,6.481471004243281
The Squid and the Whale_0367089,16480,0.3012135922330097,0.056301321117310975,0.5092694910842119,6.670427074939565
The Sting II_0086370,26605,0.23439203157301258,0.07017752610469143,0.44278379450820365,9.733480176211454
The Sting_0070735,25660,0.25261106780982073,0.034272953701145185,0.4287149227840716,10.336297493936945
The Stranger_0038991,31354,0.3835874210627033,0.0738437445107506,0.4238412492689477,8.258462345840986
The Strangers_0482606,21972,0.1710358638266885,0.019640971651175735,0.3918813427690978,8.721363456202933
The Stunt Man_0081568,22198,0.30151364987836743,0.022389521917033882,0.43965843654838865,10.182478438492964
The Suite Life on Deck_1181917,16350,0.24464831804281345,0.10037380050836991,0.4403257153974852,7.906763285024154
The Sun Is also a Star_6423362,19167,0.2680127302133876,0.08475522541961619,0.47189217878293505,6.7274317704688595
The Surfer King_0418206,18993,0.256884115200337,0.09528364022619536,0.4445767908562025,8.758272058823529
The Sweet Hereafter_0120255,15813,0.2343641307784734,0.07092452670786008,0.4913319549396475,7.626801152737752
The Sweetest Christmas_7030432,15157,0.34063469024213233,0.08005175144300145,0.49044726791726795,8.269334775554354
The Switch_0889573,18955,0.26061725138485886,0.07832963117219671,0.4986374679742029,5.817399323701199
The Taking of Pelham One Two Three_0072251,28085,0.22723873954068008,-0.003436555336566543,0.36631175046642733,10.604668674698795
The Talented Mr Ripley_0134119,19441,0.27683761123399003,0.07660617804203147,0.4899594277172751,7.186809137803979
The Talisman_0685134,29609,0.2592117261643419,0.03969220278328626,0.478941030277108,8.156385281385282
The Tattooist_0817228,19973,0.2697141140539729,0.012267147362234516,0.4316665466071171,7.7065938353492
The Terminal_0362227,20147,0.3115103985705068,0.016266963317172513,0.44049365441624844,8.673670668953688
The Terminator_0088247,25279,0.2921397207168005,-0.002821619116129499,0.43615724326777716,8.170294494238156
The Texas Chain Saw Massacre_0072271,15738,0.35074342356080823,-0.014852118339859503,0.48749481761539604,8.250260145681581
The Theory of Everything God Devils Dimensions Man_5124130,17591,0.3280086407822182,0.07039869328702379,0.5025756713041816,8.372809095215537
The Theory of Everything_2980516,11501,0.3413616207286323,0.040396310216144406,0.47359661880070075,10.606978879706153
The Thin Man_0820597,28834,0.19130193521537076,0.03931595549746763,0.47488612036720584,8.38200290275762
The Thin Red Line_0058648,48769,0.19290943017080522,-0.0011097553770718018,0.4776858774355248,9.201206864039223
The Thin Red Line_0120863,48769,0.19290943017080522,-0.0011097553770718018,0.4776858774355248,9.201206864039223
The Thing Called Love_0108327,22495,0.20560124472104913,0.11394483320337369,0.47636481832522176,8.462377727614747
The Thing from Another World_0044121,25284,0.2985682645151084,0.02785195055604405,0.48964163935238336,10.948851322063286
The Thing_0084787,20472,0.2680246189917937,-0.013331334443069477,0.42989205431913763,7.038487972508591
The Things My Father Never Taught Me_2234521,1479,0.48140635564570655,0.163111815433244,0.47933694083694084,7.825396825396825
The Third Man_0041959,32253,0.14026602176541716,0.053467622348362165,0.380421795702408,7.522229900944483
The Thirteenth Floor_0139809,5145,0.3269193391642371,0.07413924963924963,0.46590309214594927,5.461375661375661
The Three Musketeers_0108333,25960,0.2541602465331279,0.10525353304563753,0.511122944574272,7.815773630343167
The Time Machine_0054387,18519,0.26318915708191587,0.059652575517008984,0.4939769666784052,8.334384858044164
The Time Machine_0268695,21626,0.25293628040321836,0.05899350251464221,0.4663465007215008,10.075890791300324
The Time Traveler s Wife_0452694,21631,0.24390920438259905,0.04876154239661473,0.4330894541638348,6.540692512577686
The Tourist_1243957,17080,0.2885831381733021,0.03409279654975757,0.4489507294933947,7.406412478336222
The Town_0840361,21307,0.2750739193692214,0.060850729931612293,0.4539177833295481,7.759535052669815
The Toy_0084809,19607,0.29805681644310705,0.037509484190822256,0.4431977842189109,7.216335540838852
The Trace We Leave Behind_4117326,16612,0.2538526366482061,0.0877462000962001,0.433117557442558,8.342197691921726
The Transformers The Movie_0092106,17622,0.30274656679151063,0.07242181273220749,0.5521794570588546,9.955467869222097
The Treasure of the Sierra Madre_0040897,31146,0.3538496115070956,0.05305084186091052,0.44439138029527053,9.883192731992214
The Tree of Life_0478304,31479,0.25121509577813783,0.09517761952159749,0.4495797653279407,8.347998939835675
The Truman Show_0120382,21943,0.3107596955748986,0.04930690637997624,0.4811222694068717,10.061728395061728
The Twilight Saga Eclipse_1325004,18075,0.34235131396957125,0.010542772611098861,0.496950844196607,8.385257301808068
The Twilight Saga New Moon_1259571,19898,0.2763091768016886,0.04781501289348507,0.5064245524023302,7.4641381900112656
The Two Popes_8404614,23553,0.31044877510295926,0.04545052564081898,0.4418516973405241,7.68135814560888
The Ugly Truth_1142988,18340,0.264340239912759,0.10700849087824,0.5131172083836011,7.606523534269199
The Unborn_1139668,2321,0.5032313657906075,0.04943417934303351,0.4549548059964728,5.974424552429667
The Usual Suspects_0114814,21699,0.23019493985897968,0.03334068328657075,0.4801139917481909,8.003308823529412
The Utah Murder Project_0831374,23121,0.2127935642922019,0.005636355329739204,0.45094633632290454,8.045313040470425
The Verdict_0084855,19705,0.25744734838873384,0.08927419618818486,0.45317337566864996,6.321780604133545
The Vikings_0052365,27755,0.2124301927580616,0.14206512080703546,0.5252594512717417,10.1708211143695
The Village_0368447,9038,0.30460278822748393,0.026411146882763834,0.4275402010493752,8.608571428571429
The Visitor_0969307,14459,0.21785738986098624,0.0796391872254973,0.4248654993850084,5.398807305255311
The War of the Worlds_0046534,23781,0.29704385854253396,0.10025014667296486,0.468575837647045,7.5726036064536535
The Warriors_0080120,2313,0.49546044098573283,0.022983718369624408,0.4495310431552042,5.382775119617225
The Watcher_0204626,17209,0.26096809808820964,-0.0062481374707667806,0.45166883116883144,8.430311890838206
The Watermelon Woman_0118125,23348,0.23526640397464452,0.020188518837932896,0.4235901086760462,6.200870010235414
The Way Back_8544498,24071,0.2543724814091646,-0.008460478922403657,0.39301187675212607,9.141069397042093
The Way Way Back_1727388,16883,0.2753065213528401,0.10219800272037517,0.4655055355017588,5.898086956521739
The Wedding Date_0372532,19287,0.2680562036604967,0.09578153359270565,0.520075389671707,7.708250298923874
The Wedding Singer_0120888,18421,0.2581293089408827,0.12381316412259832,0.5151910510534541,7.141640866873065
The West Wing_0200276,19908,0.26441631504922647,0.10779797363130705,0.5037418548529654,9.44739336492891
The Whistleblower_0896872,21710,0.29175495163519116,0.016330914281254157,0.4281165230372181,6.390294117647059
The Wife_3750872,19738,0.25727024014591143,0.12792283582010985,0.5408460770907583,8.107742728390004
The Wild Bunch_0065214,23830,0.3057490558120017,0.013493111119257899,0.4212950925221562,8.625578909868187
The Witches of Eastwick_0094332,21013,0.25788797411126446,0.06351528631284614,0.4967824259258521,6.073988439306358
The Witching Hour_1634140,22971,0.28152888424535283,0.01024105386499128,0.4806264176318269,7.5753785385121795
The Wolf of Wall Street_0993846,24111,0.2863838082203144,0.03613841115577832,0.503096750894535,9.013805970149253
The Wolfman_0780653,26277,0.30684629143357306,0.016049179695410594,0.4760239184055978,8.33270022158911
The Woodsman_0361127,15305,0.2430578242404443,0.042649194014537394,0.4680706152058089,6.7120350109409195
The World Is Not Enough_0143145,23160,0.29464594127806565,0.05713593906093905,0.46710114330114316,7.892603850050659
The World s End_1213663,20082,0.27173588288019124,0.04660965474015101,0.42633865122872666,7.198495163024006
The Wrestler_1125849,18259,0.3017689906347555,0.027008708296053778,0.4548438805547326,6.467302933898904
The X Files Fight the Future Blooper Reel_7083566,25502,0.24362795074896088,0.02435779160148907,0.4223784240969114,9.23306916426513
The X Files_0120902,25502,0.24362795074896088,0.02435779160148907,0.4223784240969114,9.23306916426513
The Year of Living Dangerously_0086617,19824,0.3486178369652946,0.0454867273421961,0.4375753858566357,8.617621527777779
The Young Victoria_0962736,21865,0.2452778412988795,0.07705041400058475,0.46146024454848006,7.365746971736205
The Zero Theorem_2333804,18239,0.30297713690443556,-0.0074315288093811695,0.4871670698779135,6.780379041248606
Thelma Louise_0103074,21845,0.20755321583886474,0.03163011951834804,0.4468049516093995,7.261518064302287
Then She Was Gone_1541935,2382,0.4445843828715365,0.055865423052923066,0.4871996996996999,5.80440097799511
There Will Be Blood_0469494,19031,0.2602595764804792,0.09502091888132885,0.4432701009120566,7.711668657905217
There s Something About Mary_0129387,20258,0.2619705795241386,0.08820344881296902,0.494572665896195,7.4858611825192805
They_0283632,18160,0.2567180616740088,0.032256732238349864,0.47940080401434665,6.253028729664243
Thief_0083190,17130,0.32609457092819616,0.04386120556165115,0.44406655739570317,5.890678546949966
Thir13en Ghosts_0245674,19740,0.2633738601823708,0.02871078970709613,0.5028830841700201,7.462962962962963
Third Person_2343793,19950,0.2633082706766917,0.044063983972798516,0.49039714760079495,6.450403877221325
Thirteen Conversations About One Thing_0268690,22643,0.23128560703087048,0.050475801909820255,0.42976556814260625,7.2770892913886245
Thirteen Days_0146309,30367,0.25056805084466693,0.02966362333974158,0.4889913973140809,8.631802721088436
This Boy s Life_0108330,23728,0.24633344571813892,0.06920632902451078,0.49110187830817276,8.70900439238653
This Is 40_1758830,19917,0.21443992569162024,0.10624819687890387,0.5371270893073959,6.180353269290363
This Is the End_1245492,14861,0.3198977188614494,0.003197846879918148,0.5151320788362856,6.907321594068582
Thor Ragnarok_3501632,22914,0.2777777777777778,0.05973065025559953,0.5154805107907031,7.213099341899091
Thor_0800369,27839,0.2339164481482812,0.03912274575948147,0.5015048107255897,8.361727654469107
Three Billboards Outside Ebbing Missouri_5027774,16129,0.2718705437410875,0.003037065688426084,0.48800981200842136,8.429540709812109
Three Days of the Condor_0073802,23091,0.3206877138278983,0.044057412494912525,0.44115650074229984,7.447780678851175
Three Days to Live_0805337,17809,0.24291088775338313,0.03101598441381782,0.495503409462816,7.641234462066009
Three Kings_0120188,23909,0.23309214103475678,0.024214724923805695,0.45421908062042565,8.53506585973656
Three Kings_0158436,24567,0.22420319941384784,0.03824283831636777,0.4575388010682128,10.252390852390853
Three Men and a Baby_0094137,23839,0.22089852762280296,0.0911951767771373,0.508275497113609,7.673528465744613
Three Sappy People_0032029,5140,0.354863813229572,0.033328570086084384,0.522682592005111,8.72542372881356
Three Thousand Mile Garden_1426967,25004,0.2038073908174692,0.09405489475801976,0.482392318691147,7.019079685746353
Three Wishes_0310227,5842,0.35244779185210545,0.06177921433868861,0.47712993973239876,8.197718631178708
Thunderheart_0105585,28457,0.24145201532136207,0.018505067230821563,0.4361071244368654,8.501044464339003
Ticker_0196158,13791,0.320063809730984,0.011639077547313331,0.4250980949559545,6.850636630754162
Timber Falls_0857295,17691,0.288564806963993,0.052000617236232255,0.46765493251604334,6.608193668528864
Time Bandits_0081633,28784,0.2992634797109505,0.02654459335467154,0.5077124286440328,7.044286077882413
Time Machine The True Story of the Screaming Eagles The 101st Airborne_1243956,21673,0.2525261846537166,0.062061420546464845,0.46582809525940994,10.097639981490051
Time to Hunt_11777040,18437,0.2807940554320117,0.0053975037733227154,0.46294932327794197,7.135670731707317
Timeline_0300556,11360,0.3104753521126761,0.010240593105176436,0.41422151213817865,7.714867617107943
Timeline_8046824,11360,0.3104753521126761,0.010240593105176436,0.41422151213817865,7.714867617107943
Tin Cup_0117918,23381,0.2511013215859031,0.06841471995213239,0.4508906156104435,9.047177107501934
Tin Men_0094155,27012,0.19298830149563156,0.10831191555280757,0.48998640666982324,7.708784940102682
Tinker Tailor Soldier Spy_1340800,21921,0.2736645226038958,0.0072817208602606745,0.4535179303652752,8.34321550741163
Titanic_0120338,35386,0.2512575594868027,0.1194339302479126,0.499919583340635,9.544303797468354
To Catch a Thief_0048728,29039,0.23540755535658942,0.015134629945444891,0.4854102229469879,9.411269430051814
To Kill a Mockingbird_0056592,27447,0.3612780996101578,0.04466598865721676,0.4250337414372506,11.411027568922306
To Sleep with Anger_0100791,21246,0.19994351878000566,0.022170185298224187,0.4395091924103266,9.540080609046127
Toilet Time Youth in Revolt Daybreakers Darksiders Might Magic Clash of Heroes and Twitter_12059586,23019,0.273469742386724,0.053681359375939465,0.4489489763708513,7.999652657172629
Tom Brown s Schooldays_0415322,12887,0.26033987739582526,-0.023412414061819705,0.47358738244514126,8.079482439926062
Tom and Huck_0112302,20317,0.27622188315204016,-0.022576528770259414,0.4780674709113657,7.846391354689309
Tomb Raider_1365519,24077,0.3095900652074594,0.05889236939641687,0.46500072843822865,10.418064516129032
Tomorrow Never Dies_0120347,28771,0.30002433005456886,0.05629676302044328,0.4378584850065436,9.886371438379678
Toni Erdmann_4048272,22525,0.23702552719200887,0.09587323572088118,0.45801449397017224,8.090713517389746
Tony Collins Sport in Capitalist Society A Short History_13044676,17668,0.28384650215078105,0.09191438607295221,0.5225366104801098,6.617053103964099
Tootsie_0084805,23642,0.2753151171643685,0.08787885256813634,0.47511660418053053,7.193548387096774
Top Gun_0092099,21719,0.2658501772641466,0.09570517250204745,0.4634740442552945,6.9234886649874054
Total Recall_0100802,17514,0.3217997030946671,0.04924233088261919,0.4842818300792435,8.288878416588124
Totem_6791238,14107,0.2627064577869143,0.07273138764047171,0.47893826211241947,6.5112851220635655
Tower Heist_0471042,21729,0.3087578811726264,0.09543211082175929,0.46215880878380894,7.5675581799235845
Toy Story 2_0120363,13871,0.3244899430466441,0.04658005482900683,0.47064261032553734,7.252609603340292
Toy Story 3_0435761,21896,0.2824260138838144,0.10947650014738267,0.48534157692901353,5.776402422965499
Toy Story_0114709,19716,0.263542300669507,0.07190117043020584,0.4254390477621612,7.010294639687611
Traffic_0181865,27151,0.24735737173584765,0.05707692361229339,0.49328148584177517,8.613873930947102
Training Day_0139654,18892,0.29848613169595595,0.06073529178913666,0.47535501521248835,5.395957870765727
Trainspotting_0117951,14977,0.28009614742605327,-0.05340531826265521,0.5257793007113648,9.028776978417266
Trainwreck_3152624,17108,0.2480710778583119,0.10955606174767571,0.5439217326976821,5.556818181818182
Transcendence_2209764,27302,0.2580763314042927,0.019681099273269855,0.44593047395845253,6.854705144291092
Transformers_0418279,23386,0.4178140767980843,0.030234071729678118,0.4769507903398911,9.546269873624134
Tremors_0100814,15559,0.2847226685519635,-0.015390856142865082,0.45881728271728306,10.596598639455783
Triangle_1187064,22285,0.2256226161094907,0.07568291160008252,0.4569206029304368,9.1996699669967
Trick or Treat_0092112,23352,0.27565090784515245,0.0002844274642811887,0.4572430666260452,8.098931402964496
Triple Frontier_1488606,25340,0.2999210734017364,0.04436319293040995,0.4353716313386123,8.685393258426966
Trouble in Paradise_0023622,13019,0.28827098855518857,0.10008195729316202,0.4889325481419497,7.184716877405168
Troy_0332452,30249,0.20896558563919468,0.10150023600299847,0.46231333174703315,8.07986111111111
True Believer_0098524,21093,0.3217655146257052,0.004070636042254413,0.4598619380261895,7.590028694404591
True Crime_0139668,26999,0.24115707989184784,0.04792682664557665,0.469416214828428,7.219499200852424
True Detective Seeing Things Episode Review_12658012,10423,0.3747481531229013,0.02932374852719954,0.45272366878707176,9.81015037593985
True Detective The Long Bright Dark Episode Review_12487418,10543,0.3847102342786683,0.00953518302872406,0.428380592727097,9.161178509532062
True Detective The Secret Fate Of All Life Episode Review_12658584,10051,0.3873246443139986,-0.027757903732313145,0.4518311434846862,9.654545454545454
True Romance_0108399,25057,0.2307139721435128,0.04567138501175229,0.49580012198568907,7.9348925410872315
Trumbo_3203606,20508,0.31417007996879265,0.0828034609940725,0.520372732526412,8.180588703261733
Truth_3859076,21287,0.25982994315779584,0.10992474001094689,0.427914713638852,7.90727002967359
Tully_5610554,15267,0.30366149210715926,0.0824486219937884,0.5301290716008736,6.455349620893007
Twilight Zone The Movie_0086491,25031,0.2832887219847389,0.027418974754444228,0.4362720139563458,7.487992884672399
Twin Peaks Fire Walk with Me_0105665,20989,0.23583781981037685,0.09761157621832584,0.44517189127711143,7.736648250460405
Two and a Half Men_0369179,19494,0.27469990766389657,0.03397430777587504,0.4517467961408511,6.9530081879672485
Two for the Money_0417217,23903,0.2724762582102665,0.10098708401434377,0.4607583457511725,8.10753052917232
Two for the Road_0062407,11377,0.3146699481409862,0.001993149715740498,0.47096487776655394,7.754768392370572
U Turn_0120399,26242,0.2177806569621218,0.013805863569787752,0.487009377092831,7.683842794759825
Ultimate Target_0243327,14976,0.26048344017094016,0.08726470568737024,0.46697965808226166,7.113015284854099
Unaired Game of Thrones Prequel Pilot_6857128,22463,0.20438053688287405,0.06824148825544235,0.47582285416895226,6.5322299651567945
Unborn_1230395,22520,0.2808614564831261,0.050727187193490564,0.4412605657489999,9.37006237006237
Unbreakable_0217869,19652,0.23417463871361693,0.013113098774863479,0.4220665608900906,7.599383667180278
Unbroken_1809398,18219,0.30479170097151326,0.046566057767439134,0.3981323850207972,8.003956043956045
Under Fire_0086510,24991,0.26625585210675845,0.08048311496301931,0.44866057101538714,9.305555555555555
Under the Mountain_1275861,18231,0.2503976742910427,-0.031393103546277994,0.41591152403542564,8.28119266055046
Under the Silver Lake_5691670,30681,0.2552393989765653,0.02409760186840717,0.4561608319054414,7.966519595120685
Under the Skin_1441395,21160,0.2651228733459357,0.007716975898335257,0.46132131962549217,9.581900452488687
Unfaithful_0250797,25472,0.2640153894472362,0.04062076708133001,0.43399002396005787,6.922805110084262
Unforgiven_0105695,24992,0.23491517285531371,-0.019275671884165953,0.48387980096066147,9.594325153374234
Unknown_1401152,23964,0.30645968953430147,0.045503018182554325,0.42091376168127315,5.896848842934515
Unthinkable_0914863,23082,0.23897409236634606,0.0024746190385861776,0.4099023659352302,6.912354172898594
Untraceable_0880578,24575,0.28012207527975586,0.04183204882527338,0.4093615463526971,7.411483253588517
Unusual Suspects_1546360,23463,0.2248646805608831,-0.001228092445293613,0.46879559742169097,7.472039987503905
Up All Night_1843323,23399,0.2952262917218685,0.029270540067360927,0.47607876236992336,7.350172576090367
Up Close Personal_0118055,20672,0.3291892414860681,0.05522534579110983,0.447666416433341,8.018320610687024
Up Close and Personal_0497080,20672,0.3291892414860681,0.05522534579110983,0.447666416433341,8.018320610687024
Up in the Air_1193138,17290,0.2825332562174667,0.0825173667635367,0.4738025155747993,6.630751533742331
Up_1049413,14839,0.2789945414111463,0.0657251264898898,0.4742604601216801,6.195498124218425
Upgrade_6499752,21139,0.26600122995411324,0.015428019632371053,0.35898421481186066,7.868372265480163
Upstream Color_2084989,17753,0.30270940122796147,0.05292447557634476,0.41581575226435075,7.523628691983123
Urban Legend_0146336,18265,0.2680536545305229,0.01702466359674391,0.4677371565984701,6.620367038503058
Us_6857112,15677,0.2790074631625949,0.0011192052738253145,0.43052498638598174,6.420343137254902
V for Vendetta Unmasked_0775408,24004,0.24412597900349942,0.03622145582635677,0.4724381427024599,7.835071707953064
V for Vendetta_0434409,23997,0.24419719131558112,0.03622145582635677,0.4724381427024599,7.850702384841555
VR 5_0112209,19908,0.31861563190677117,0.008732991040578385,0.4709834779485435,6.60857726344452
Vacancy_0452702,16830,0.2439691027926322,-0.00533057031352487,0.39647860136496477,6.50462962962963
Valentine s Day_0817230,21966,0.24342165164344898,0.09697242816604934,0.4819059520090443,7.1181612172224025
Valentine_0242998,22783,0.2736250713251108,0.07577631158171513,0.4554216140296852,6.792806183115339
Valkyrie_0985699,20827,0.2550055216785903,0.037577210958505955,0.4930681117443708,8.272475247524753
Van Helsing_5197820,24545,0.23385618252189855,0.0035015527299108616,0.4971331136754519,9.393323100537222
Vanilla Sky_0259711,18181,0.2842527913756119,0.09746391424827716,0.5130506375135272,6.784518049869743
Vantage Point_0443274,22706,0.26504007751255176,0.006248981199314158,0.4001535334464851,10.704887218045112
Veep_1759761,16687,0.3355905794930185,0.10391991334504828,0.4722289533008948,7.916312056737588
Vegas Baby_0432373,19936,0.2650481540930979,0.10641624016080548,0.5155958590523807,7.248548621190131
Velvet Buzzsaw_7043012,141,0.6808510638297872,0.275,0.45625,5.08
Velvet Goldmine_0120879,18259,0.3048907388137357,0.04588908923334834,0.45136302537259826,10.341050254093732
Vertigo_0052357,31798,0.24155607270897542,0.04003524655360424,0.46187529129233174,8.98517251211862
Very Bad Things_0124198,16671,0.2948833303341131,0.045250107929411226,0.5137279205311996,6.305953278070836
Vicky Cristina Barcelona_0497465,20875,0.22567664670658683,0.1930446124372576,0.5220201430565471,6.8105840593739915
Victor Frankenstein_1976009,25569,0.27838398060150965,0.031006090751696212,0.4813728736541242,10.533196721311475
Victoria Abdul_5816682,14816,0.28469222462203025,0.09997119739008035,0.5279537271239398,7.34590570719603
Vikings A Warrior Society Rites of Passage_4620494,10636,0.3145919518616021,0.07816192256651372,0.4839187012572952,8.263157894736842
Vince The Roommate from Hell_1491722,20657,0.2134869535750593,0.002278391594933161,0.553164851250879,9.87312030075188
Vox Lux_5960374,16152,0.27228826151560176,0.06404796510249858,0.47511731734464946,8.635683760683762
WALL E_0910970,16092,0.3338304747700721,0.027422275630808395,0.44643880420021753,5.082371294851794
Wadjda_2258858,20751,0.23420558045395404,0.04980928017378058,0.45454903907133193,8.631906938097217
Walkabout_0067959,9980,0.3562124248496994,0.0630858497657846,0.47101035919073847,7.9168646080760094
Walking Tall_0351977,5913,0.3526128868594622,0.10779210706817403,0.4426107407523873,6.599330357142857
Wall Street Money Never Sleeps_1027718,23014,0.2544103589119666,0.0890784430789596,0.4607422215066838,6.911111111111111
Wall Street_0094291,28089,0.2932108654633486,0.10785210659305199,0.4727336647173205,9.108134280180762
Wanted_0493464,22198,0.2501126227588071,0.01956591546199269,0.43543646727559115,9.40363482671175
War Horse_1568911,22972,0.24225143653142955,0.13009483818447634,0.4888367455435121,8.059565522074282
War for Planet of the Apes 2nd Trailer Reaction_6845022,26376,0.24878677585683956,-0.10836651213906391,0.5066908406599134,14.34761388286334
War for the Planet of the Apes_3450958,26001,0.2481058420829968,-0.10951561989013994,0.5080808450334704,14.371224601867105
War of the Worlds_0407304,15175,0.25245469522240527,0.05357339393169918,0.4340704443704447,7.899374348279458
WarGames_0086567,18972,0.31752055660974066,0.028698630629207866,0.46155027413217736,7.959983150800337
Warm Springs_0423510,18760,0.28779317697228146,0.09571572373882155,0.47691293810858976,8.42914798206278
Warning Shot_5113250,17885,0.23639921722113502,0.007479533850636952,0.4685178058540675,6.175698998964446
Warrior_1291584,19872,0.25795088566827695,0.031245387067997357,0.46040892114421506,7.815149136577708
Warriors Two_0078517,2313,0.49546044098573283,0.022983718369624408,0.4495310431552042,5.382775119617225
Watchmen_0409459,24067,0.2970457472888187,0.02873415836784894,0.46111320635816305,8.311072664359862
Water for Elephants_1067583,24756,0.24971724026498626,0.07124649592581134,0.488102538995396,8.298804780876495
Waterworld_0114898,22757,0.29437096278068287,0.015054646878104245,0.4276615808861575,6.6213000580383055
Waves_8652728,23186,0.23471060122487708,0.09972988282061346,0.4716940413029368,7.970103092783505
Way Back Home_2018166,23521,0.24157136176182986,-0.02059384908926508,0.4106529121947102,9.687782805429864
Wayside_1059741,22187,0.26456934240771623,0.13184758857772114,0.5107488740104629,7.226236979166667
We Bought a Zoo_1389137,19889,0.287495600583237,0.1106871220177671,0.5057081982045325,6.396468699839486
We Need to Talk About Kevin_1242460,25722,0.2793717440323458,0.021249121194964315,0.4524214995907034,8.256124721603564
We Own the Night_0498399,27054,0.27478376580172986,0.1015085319022007,0.4579878667108103,8.09967173977917
Wedding Crashers_0396269,17298,0.2902069603422361,0.14528794179586443,0.5096665834165838,6.0958230958230954
Welcome to Upload_9072146,7530,0.4,0.11607869593718662,0.5084235317979872,6.766756032171582
Wes Craven Nightmare on Elm Street Johny Depp_7095810,19230,0.28361934477379097,0.0288586402345363,0.46098713359886545,7.904372701266857
Wes Craven s New Nightmare_0111686,19240,0.283991683991684,0.0288586402345363,0.46098713359886545,7.880341880341881
Wes Cravens New Nightmare_10961244,19230,0.28361934477379097,0.0288586402345363,0.46098713359886545,7.904372701266857
Westworld_0475784,11141,0.3242976393501481,0.008967587100399585,0.44630370617037274,7.574338085539715
What About Bob_0103241,19417,0.25529175464798887,0.12301860659427821,0.5424797860541658,6.180489354941214
What Lies Beneath_0161081,16772,0.285237300262342,0.05128563428881229,0.4586420653263874,6.258862629246677
What Price Hollywood_0023686,23486,0.30401090011070425,0.14141584787164066,0.48770932996542754,8.747203579418345
What They Had_6662736,17003,0.25577839204846203,0.04012967348865062,0.4539291316116445,7.112086992890005
What We Do In The Shadows_12077188,6128,0.38642297650130547,0.1027727637578871,0.5053971581045393,7.246462264150943
What Women Want_0207201,23593,0.2740643411181283,0.14143027305619243,0.44993621084797525,4.755020841227738
What to Expect When You re Expecting_10064788,22374,0.2829623670331635,0.11412150276777376,0.47798673509807926,7.587280108254398
When Eight Bells Toll_0067976,18420,0.2943539630836048,0.07906025166712395,0.46904595084248735,6.570970042796006
When Harry Met Sally_0098635,19104,0.23785594639865998,0.1520824795893763,0.4926106089312993,7.772764227642276
When a Stranger Calls_0080130,17796,0.24645987862441,0.03422573946034837,0.43968327331351253,7.725498699045967
Where Is Everybody 101_5719890,7378,0.2863919761452968,0.018171224242348603,0.40524427824683384,10.35014005602241
Where the Wild Things Are_0386117,16386,0.24826071036250458,0.0910140107473984,0.5271488791690456,6.784981534673779
While She Was Out_0887971,20669,0.25284242101698196,0.013815369512090865,0.4594301812334594,8.602580108198087
While We re Young_1791682,19912,0.2648151868220169,0.07593420347703904,0.4796139766168179,6.7986440677966105
While You Were Sleeping_0114924,18172,0.27014087607307946,0.04297574975755173,0.49123752254187053,6.023715415019763
Whiplash_2582802,21704,0.2852008846295614,0.033176426953737057,0.4408924957563933,7.230897009966777
White Christmas_0047673,13764,0.29068584713746004,0.1116417356329809,0.49557805260066534,8.268585131894485
White House Down_2334879,23343,0.27704236816176153,0.04349857617637784,0.43369727061845326,7.80548128342246
White People_2172095,18277,0.2752092794222247,0.05794802793209317,0.44996197813832356,7.956201214223764
White Squall_0118158,25823,0.24168377028230648,0.07297581274951948,0.456990325680037,7.466339208321294
Whiteout_0365929,19678,0.2642036792356947,0.0012328752823369184,0.40979899941541875,7.967650626769107
Who Framed Roger Rabbit_0096438,24099,0.26341341964396864,0.021659983122036715,0.44172806598665576,8.301341589267286
Who Framed the Good Cop_7211154,9728,0.3657483552631579,0.03489700613742476,0.4453994773570241,5.040351784790481
Who s Your Daddy_0287138,19093,0.31718430838527206,0.12299810755762232,0.5201340157132839,6.673036831132731
Who s Your Daddy_0446076,19098,0.31725835165985966,0.12299810755762232,0.5201340157132839,6.674774148714385
Why Him_4501244,22351,0.22088497158963805,0.03969791677759845,0.46791811099929154,7.286085825747724
Wild Hogs_0486946,22967,0.21356729220185483,0.09630068155240572,0.472479332430449,6.910456730769231
Wild Tales_3011894,24991,0.2634548437437477,0.03742735488227004,0.4689406095240607,8.392426273458446
Wild Things Diamonds in the Rough_0448179,18005,0.2940294362677034,0.055154478815937144,0.4820178621532785,8.376388888888888
Wild Things_0120890,22834,0.24113164579136376,0.0363515034235837,0.45285906388826075,8.181232091690545
Wild Wild West_0120891,25694,0.27387716976726084,0.032168520695157334,0.46772965092232616,8.146649810366625
Wild at Heart_0100935,22621,0.25166880332434466,0.03940817862466088,0.48449001796282104,8.192028985507246
Willard_0310357,11846,0.33597838932973156,-0.03299270902280158,0.4962717649291721,8.358688066992324
Willow_0096446,22782,0.2477833377227636,0.010856627724577536,0.5273225810470709,7.434669273378951
Win Win_1606392,16119,0.21502574601402072,0.08113177507560425,0.4862833010090393,5.171309638168427
Wind Chill_0486051,18315,0.2875784875784876,-0.001116897513917547,0.44996850196217253,10.210350584307179
Wind River_5362988,21318,0.25405760390280513,0.001755372814799044,0.42904582712369604,7.345580589254766
Winter s Bone_1399683,10689,0.2736458040976705,0.022834484478925065,0.45397869270209723,7.248813559322034
Witness for the Prosecution_0051201,27739,0.2612206640470096,0.06204349382999829,0.48461440026705477,9.97544239797761
Witness_0090329,20314,0.2754750418430639,0.015598402819311541,0.4487613565162903,9.102506714413607
Wives and Lovers_0057688,16565,0.3311801992152128,0.03829962530587361,0.47240939024295314,6.302731411229135
Woman in Gold_2404425,28604,0.23566634037197595,0.08784923540467907,0.46321662904996264,8.000837988826815
Women in Love_0066579,25468,0.2827862415580336,0.0679591564765983,0.4100452389987272,12.47269212179797
Wonder Boys_0185014,22369,0.2817738834994859,0.059203296292793306,0.47989268087271003,7.353638459005597
Wonder Woman_0451279,25398,0.2575399637766753,0.06833618479189009,0.48932771908689315,8.881551362683439
Wonderstruck_5208216,20733,0.2715477740799691,0.09017580990577022,0.4872412270575913,9.87327954437589
Working for the Man_1364020,18714,0.2671262156674148,0.06457090128655724,0.4712792648312449,7.550543697140556
Wreck It Ralph_10946860,18832,0.2840909090909091,0.035353042714193844,0.46557288200192215,6.523661485319517
Wrongfully Accused_0120901,18091,0.3374053396716599,0.055192735670971306,0.46617383787282585,7.711129991503824
X Men Origins Wolverine_0458525,19884,0.2947596057131362,0.017588420712355973,0.42221104326300235,8.92104082548228
X Men Origins Wolverine_3012064,19642,0.29223093371347114,0.01759628250110483,0.4225683289261969,8.946388005452068
X Men The Animated Series_0103584,23266,0.26179833233043925,0.060093394157556414,0.47080358471315864,9.524703960800327
X Men_0120903,23266,0.26179833233043925,0.060093394157556414,0.47080358471315864,9.524703960800327
X2 X Men United_0290334,22877,0.28277309087730035,-0.00021746304030139242,0.4518332561340077,7.800409416581371
XTRMN8mm_5660414,28352,0.25003527088036115,0.03745399762858902,0.4284638293850776,8.327576112412178
Y The Last Man_8042500,22044,0.29500090727635636,0.018663252230008056,0.4571421992764404,9.21351125938282
Year One_1045778,19323,0.28199554934533977,0.07918691019392961,0.4700321409713672,8.909719023491478
Yes Man_1068680,19345,0.26001550788317396,0.09579500112641451,0.5251491630790124,6.7446143154968725
You Came Along_0038263,18472,0.2633715894326548,0.08255865569551954,0.4481965907392315,9.766666666666667
You Can Count on Me_0203230,16710,0.23099940155595453,0.030322183463044845,0.4850590640781722,7.616294947655894
You Only Live Twice_0062512,20649,0.26311201510969057,0.07843736398156909,0.48680647526487003,6.842000662471017
You Were Never Really Here_5742374,15009,0.3256712639083217,-0.011299405318730988,0.3861094054885174,8.405820977484899
You ll Never Walk Alone in This Town Again_0639513,23089,0.34094157390965396,0.0042702822606315175,0.48938822397645876,5.598112751028308
You ve Got Mail_0128853,21614,0.23359859350421022,0.11936357251401511,0.5118922743922747,8.071934401789042
Young Adult_1625346,18430,0.300488334237656,0.050681977028348,0.5066049624210909,6.848091885883661
Young Frankenstein_0072431,21783,0.3151999265482257,0.06817371621133363,0.4748829426033182,6.9443914839529715
Young Soul Rebels_0103312,16855,0.283476713141501,0.017233662272245494,0.4411761674760142,7.000414765657403
Your Highness_1240982,22946,0.2762137191667393,0.09543537402947375,0.5207983997760119,8.049404344779257
Zero Dark Thirty The Compound_5510064,18401,0.2811260257594696,0.023060350023240653,0.46352002027577666,9.13974231912785
Zodiac_0443706,31872,0.25131777108433734,0.014823346762449355,0.4565365375365381,7.185585585585586
Zootopia_2948356,17242,0.3131887252058926,0.05026470708093436,0.4947375481556464,6.582509505703422
Zulu Dawn_0080180,15102,0.32796980532379816,0.05013189135798428,0.4441432257279257,7.7400204708290685
eXistenZ_0120907,20008,0.26054578168732506,0.028304289187886408,0.5084762261836492,9.451369216241737
xXx_0295701,22976,0.2711525069637883,-0.013398789854833818,0.47518873329705325,8.185211517952364
